"question_group_id","language_id","name","default"
173032,19,RID Group,1
173033,19,Additional demographics,1
173034,19,DEM1,1
173035,19,DEM2,1
173036,19,DEM3,1
173037,19,DEM5,1
173038,19,DEM4,1
173039,19,QUALITY_SO_2_page,1
173040,19,CONTROL_page,1
173041,19,SO_CONTROL_page,1
173042,19,CONTROL2_page,1
173043,19,T1_page,1
173044,19,TEXT1_page,1
173045,19,TEXT2_page,1
173046,19,T2_page,1
173047,19,T3_page,1
173048,19,T4_page,1
173049,19,T5_page,1
173050,19,T6_page,1
173051,19,TEXT3_page,1
173052,19,T7_page,1
173053,19,T8_page,1
173054,19,TEXT4_page,1
173055,19,T9_page,1
173056,19,T10_page,1
173057,19,T11_page,1
173058,19,FILTER_page,1
173059,57,RID Group,1
173060,57,Additional demographics,1
173061,57,DEM1,1
173062,57,DEM2,1
173063,57,DEM3,1
173064,57,DEM4,1
173065,57,DEM5,1
173066,57,QUALITY_SO_2_page,1
173067,57,CONTROL_page,1
173068,57,SO_CONTROL_page,1
173069,57,CONTROL2_page,1
173070,57,T1_page,1
173071,57,TEXT1_page,1
173072,57,TEXT2_page,1
173073,57,T2_page,1
173074,57,T3_page,1
173075,57,T4_page,1
173076,57,T5_page,1
173077,57,T6_page,1
173078,57,TEXT3_page,1
173079,57,T7_page,1
173080,57,T8_page,1
173081,57,TEXT4_page,1
173082,57,T9_page,1
173083,57,T10_page,1
173084,57,T11_page,1
173085,57,FILTER_page,1
173086,66,RID Group,1
173087,66,Additional demographics,1
173088,66,DEM1,1
173089,66,DEM2,1
173090,66,DEM3,1
173091,66,DEM5,1
173092,66,DEM4,1
173093,66,QUALITY_SO_2_page,1
173094,66,CONTROL_page,1
173095,66,SO_CONTROL_page,1
173096,66,CONTROL2_page,1
173097,66,T1_page,1
173098,66,TEXT1_page,1
173099,66,TEXT2_page,1
173100,66,T2_page,1
173101,66,T3_page,1
173102,66,T4_page,1
173103,66,T5_page,1
173104,66,T6_page,1
173105,66,TEXT3_page,1
173106,66,T7_page,1
173107,66,T8_page,1
173108,66,TEXT4_page,1
173109,66,T9_page,1
173110,66,T10_page,1
173111,66,T11_page,1
173112,66,FILTER,1
173113,66,RID Group,1
173114,66,Additional demographics,1
173115,66,DEM1,1
173116,66,DEM2,1
173117,66,DEM3,1
173118,66,DEM5,1
173119,66,DEM4,1
173120,66,QUALITY_SO_2_page,1
173121,66,CONTROL_page,1
173122,66,SO_CONTROL_page,1
173123,66,CONTROL2_page,1
173124,66,T1_page,1
173125,66,TEXT1_page,1
173126,66,TEXT2_page,1
173127,66,T2_page,1
173128,66,T3_page,1
173129,66,T4_page,1
173130,66,T5_page,1
173131,66,T6_page,1
173132,66,TEXT3_page,1
173133,66,T7_page,1
173134,66,T8_page,1
173135,66,TEXT4_page,1
173136,66,T9_page,1
173137,66,T10_page,1
173138,66,T11_page,1
173139,66,FILTER,1
173223,66,RID Group,1
173224,66,Additional demographics,1
173225,66,DEM1,1
173226,66,DEM2,1
173227,66,DEM3,1
173228,66,DEM5,1
173229,66,DEM4,1
173230,66,QUALITY_SO_2_page,1
173231,66,CONTROL_page,1
173232,66,SO_CONTROL_page,1
173233,66,CONTROL2_page,1
173234,66,T1_page,1
173235,66,TEXT1_page,1
173236,66,TEXT2_page,1
173237,66,T2_page,1
173238,66,T3_page,1
173239,66,T4_page,1
173240,66,T5_page,1
173241,66,T6_page,1
173242,66,TEXT3_page,1
173243,66,T7_page,1
173244,66,T8_page,1
173245,66,TEXT4_page,1
173246,66,T9_page,1
173247,66,T10_page,1
173248,66,T11_page,1
173249,66,FILTER,1
173250,21,RID Group,1
173251,21,Additional demographics,1
173252,21,DEM1,1
173253,21,DEM2,1
173254,21,DEM3,1
173255,21,DEM5,1
173256,21,DEM4,1
173257,21,QUALITY_SO_2_page,1
173258,21,CONTROL_page,1
173259,21,SO_CONTROL_page,1
173260,21,CONTROL2_page,1
173261,21,T1_page,1
173262,21,TEXT1_page,1
173263,21,TEXT2_page,1
173264,21,T2_page,1
173265,21,T3_page,1
173266,21,T4_page,1
173267,21,T5_page,1
173268,21,T6_page,1
173269,21,TEXT3_page,1
173270,21,T7_page,1
173271,21,T8_page,1
173272,21,TEXT4_page,1
173273,21,T9_page,1
173274,21,T10_page,1
173275,21,T11_page,1
173276,21,FILTER_page,1
173304,21,RID Group,1
173305,21,Additional demographics,1
173306,21,DEM1,1
173307,21,DEM2,1
173308,21,DEM3,1
173309,21,DEM5,1
173310,21,DEM4,1
173311,21,QUALITY_SO_2_page,1
173312,21,CONTROL_page,1
173313,21,SO_CONTROL_page,1
173314,21,CONTROL2_page,1
173315,21,T1_page,1
173316,21,TEXT1_page,1
173317,21,TEXT2_page,1
173318,21,T2_page,1
173319,21,T3_page,1
173320,21,T4_page,1
173321,21,T5_page,1
173322,21,T6_page,1
173323,21,TEXT3_page,1
173324,21,T7_page,1
173325,21,T8_page,1
173326,21,TEXT4_page,1
173327,21,T9_page,1
173328,21,T10_page,1
173329,21,T11_page,1
173330,21,FILTER_page,1
173331,21,RID Group,1
173332,21,Additional demographics,1
173333,21,DEM1,1
173334,21,DEM2,1
173335,21,DEM3,1
173336,21,DEM5,1
173337,21,DEM4,1
173338,21,QUALITY_SO_2_page,1
173339,21,CONTROL_page,1
173340,21,SO_CONTROL_page,1
173341,21,CONTROL2_page,1
173342,21,T1_page,1
173343,21,TEXT1_page,1
173344,21,TEXT2_page,1
173345,21,T2_page,1
173346,21,T3_page,1
173347,21,T4_page,1
173348,21,T5_page,1
173349,21,T6_page,1
173350,21,TEXT3_page,1
173351,21,T7_page,1
173352,21,T8_page,1
173353,21,TEXT4_page,1
173354,21,T9_page,1
173355,21,T10_page,1
173356,21,T11_page,1
173357,21,FILTER_page,1
173398,21,RID Group,1
173399,21,Additional demographics,1
173400,21,DEM1,1
173401,21,DEM2,1
173402,21,DEM3,1
173403,21,DEM5,1
173404,21,DEM4,1
173405,21,QUALITY_SO_2_page,1
173406,21,CONTROL_page,1
173407,21,SO_CONTROL_page,1
173408,21,CONTROL2_page,1
173409,21,T1_page,1
173410,21,TEXT1_page,1
173411,21,TEXT2_page,1
173412,21,T2_page,1
173413,21,T3_page,1
173414,21,T4_page,1
173415,21,T5_page,1
173416,21,T6_page,1
173417,21,TEXT3_page,1
173418,21,T7_page,1
173419,21,T8_page,1
173420,21,TEXT4_page,1
173421,21,T9_page,1
173422,21,T10_page,1
173423,21,T11_page,1
173424,21,FILTER_page,1
173425,21,RID Group,1
173426,21,Additional demographics,1
173427,21,DEM1,1
173428,21,DEM2,1
173429,21,DEM3,1
173430,21,DEM5,1
173431,21,DEM4,1
173432,21,QUALITY_SO_2_page,1
173433,21,CONTROL_page,1
173434,21,SO_CONTROL_page,1
173435,21,CONTROL2_page,1
173436,21,T1_page,1
173437,21,TEXT1_page,1
173438,21,TEXT2_page,1
173439,21,T2_page,1
173440,21,T3_page,1
173441,21,T4_page,1
173442,21,T5_page,1
173443,21,T6_page,1
173444,21,TEXT3_page,1
173445,21,T7_page,1
173446,21,T8_page,1
173447,21,TEXT4_page,1
173448,21,T9_page,1
173449,21,T10_page,1
173450,21,T11_page,1
173451,21,FILTER_page,1
173452,21,RID Group,1
173453,21,Additional demographics,1
173454,21,DEM1,1
173455,21,DEM2,1
173456,21,DEM3,1
173457,21,DEM5,1
173458,21,DEM4,1
173459,21,QUALITY_SO_2_page,1
173460,21,CONTROL_page,1
173461,21,SO_CONTROL_page,1
173462,21,CONTROL2_page,1
173463,21,T1_page,1
173464,21,TEXT1_page,1
173465,21,TEXT2_page,1
173466,21,T2_page,1
173467,21,T3_page,1
173468,21,T4_page,1
173469,21,T5_page,1
173470,21,T6_page,1
173471,21,TEXT3_page,1
173472,21,T7_page,1
173473,21,T8_page,1
173474,21,TEXT4_page,1
173475,21,T9_page,1
173476,21,T10_page,1
173477,21,T11_page,1
173478,21,FILTER_page,1
173533,27,RID Group,1
173534,27,Additional demographics,1
173535,27,DEM1,1
173536,27,DEM2,1
173537,27,DEM3,1
173538,27,DEM5,1
173539,27,DEM4,1
173540,27,QUALITY_SO_2_page,1
173541,27,CONTROL_page,1
173542,27,SO_CONTROL_page,1
173543,27,CONTROL2_page,1
173544,27,T1_page,1
173545,27,TEXT1_page,1
173546,27,TEXT2_page,1
173547,27,T2_page,1
173548,27,T3_page,1
173549,27,T4_page,1
173550,27,T5_page,1
173551,27,T6_page,1
173552,27,TEXT3_page,1
173553,27,T7_page,1
173554,27,T8_page,1
173555,27,TEXT4_page,1
173556,27,T9_page,1
173557,27,T10_page,1
173558,27,T11_page,1
173559,27,FILTER_page,1
173560,72,RID Group,1
173561,72,Additional demographics,1
173562,72,DEM1,1
173563,72,DEM2,1
173564,72,DEM3,1
173565,72,DEM5,1
173566,72,DEM4,1
173567,72,QUALITY_SO_2_page,1
173568,72,CONTROL_page,1
173569,72,SO_CONTROL_page,1
173570,72,CONTROL2_page,1
173571,72,T1_page,1
173572,72,TEXT1_page,1
173573,72,TEXT2_page,1
173574,72,T2_page,1
173575,72,T3_page,1
173576,72,T4_page,1
173577,72,T5_page,1
173578,72,T6_page,1
173579,72,TEXT3_page,1
173580,72,T7_page,1
173581,72,T8_page,1
173582,72,TEXT4_page,1
173583,72,T9_page,1
173584,72,T10_page,1
173585,72,T11_page,1
173586,72,FILTER_page,1
173614,41,RID Group,1
173615,41,Additional demographics,1
173616,41,DEM1,1
173617,41,DEM2,1
173618,41,DEM3,1
173619,41,DEM5,1
173620,41,DEM4,1
173621,41,QUALITY_SO_2_page,1
173622,41,CONTROL_page,1
173623,41,SO_CONTROL_page,1
173624,41,CONTROL2_page,1
173625,41,T1_page,1
173626,41,TEXT1_page,1
173627,41,TEXT2_page,1
173628,41,T2_page,1
173629,41,T3_page,1
173630,41,T4_page,1
173631,41,T5_page,1
173632,41,T6_page,1
173633,41,TEXT3_page,1
173634,41,T7_page,1
173635,41,T8_page,1
173636,41,TEXT4_page,1
173637,41,T9_page,1
173638,41,T10_page,1
173639,41,T11_page,1
173640,41,FILTER_page,1
173641,21,RID Group,0
173641,33,RID Group,1
173642,21,Additional demographics,0
173642,33,Additional demographics,1
173643,21,DEM1,0
173643,33,DEM1,1
173644,21,DEM2,0
173644,33,DEM2,1
173645,21,DEM3,0
173645,33,DEM3,1
173646,21,DEM5,0
173646,33,DEM5,1
173647,21,DEM4,0
173647,33,DEM4,1
173648,21,QUALITY_SO_2_page,0
173648,33,QUALITY_SO_2_page,1
173649,21,CONTROL_page,0
173649,33,CONTROL_page,1
173650,21,SO_CONTROL_page,0
173650,33,SO_CONTROL_page,1
173651,21,CONTROL2_page,0
173651,33,CONTROL2_page,1
173652,21,T1_page,0
173652,33,T1_page,1
173653,21,TEXT1_page,0
173653,33,TEXT1_page,1
173654,21,TEXT2_page,0
173654,33,TEXT2_page,1
173655,21,T2_page,0
173655,33,T2_page,1
173656,21,T3_page,0
173656,33,T3_page,1
173657,21,T4_page,0
173657,33,T4_page,1
173658,21,T5_page,0
173658,33,T5_page,1
173659,21,T6_page,0
173659,33,T6_page,1
173660,21,TEXT3_page,0
173660,33,TEXT3_page,1
173661,21,T7_page,0
173661,33,T7_page,1
173662,21,T8_page,0
173662,33,T8_page,1
173663,21,TEXT4_page,0
173663,33,TEXT4_page,1
173664,21,T9_page,0
173664,33,T9_page,1
173665,21,T10_page,0
173665,33,T10_page,1
173666,21,T11_page,0
173666,33,T11_page,1
173667,21,FILTER_page,0
173667,33,FILTER_page,1
173668,43,RID Group,1
173669,43,Additional demographics,1
173670,43,DEM1,1
173671,43,DEM2,1
173672,43,DEM3,1
173673,43,DEM5,1
173674,43,DEM4,1
173675,43,QUALITY_SO_2_page,1
173676,43,CONTROL_page,1
173677,43,SO_CONTROL_page,1
173678,43,CONTROL2_page,1
173679,43,T1_page,1
173680,43,TEXT1_page,1
173681,43,TEXT2_page,1
173682,43,T2_page,1
173683,43,T3_page,1
173684,43,T4_page,1
173685,43,T5_page,1
173686,43,T6_page,1
173687,43,TEXT3_page,1
173688,43,T7_page,1
173689,43,T8_page,1
173690,43,TEXT4_page,1
173691,43,T9_page,1
173692,43,T10_page,1
173693,43,T11_page,1
173694,43,FILTER_page,1
173695,37,RID Group,1
173696,37,Additional demographics,1
173697,37,DEM1,1
173698,37,DEM2,1
173699,37,DEM3,1
173700,37,DEM5,1
173701,37,DEM4,1
173702,37,QUALITY_SO_2_page,1
173703,37,CONTROL_page,1
173704,37,SO_CONTROL_page,1
173705,37,CONTROL2_page,1
173706,37,T1_page,1
173707,37,TEXT1_page,1
173708,37,TEXT2_page,1
173709,37,T2_page,1
173710,37,T3_page,1
173711,37,T4_page,1
173712,37,T5_page,1
173713,37,T6_page,1
173714,37,TEXT3_page,1
173715,37,T7_page,1
173716,37,T8_page,1
173717,37,TEXT4_page,1
173718,37,T9_page,1
173719,37,T10_page,1
173720,37,T11_page,1
173721,37,FILTER_page,1
173722,73,RID Group,1
173723,73,Additional demographics,1
173724,73,DEM1,1
173725,73,DEM2,1
173726,73,DEM3,1
173727,73,DEM5,1
173728,73,DEM4,1
173729,73,QUALITY_SO_2_page,1
173730,73,CONTROL_page,1
173731,73,SO_CONTROL_page,1
173732,73,CONTROL2_page,1
173733,73,T1_page,1
173734,73,TEXT1_page,1
173735,73,TEXT2_page,1
173736,73,T2_page,1
173737,73,T3_page,1
173738,73,T4_page,1
173739,73,T5_page,1
173740,73,T6_page,1
173741,73,TEXT3_page,1
173742,73,T7_page,1
173743,73,T8_page,1
173744,73,TEXT4_page,1
173745,73,T9_page,1
173746,73,T10_page,1
173747,73,T11_page,1
173748,73,FILTER_page,1
173749,76,RID Group,1
173750,76,Additional demographics,1
173751,76,DEM1,1
173752,76,DEM2,1
173753,76,DEM3,1
173754,76,DEM5,1
173755,76,DEM4,1
173756,76,QUALITY_SO_2_page,1
173757,76,CONTROL_page,1
173758,76,SO_CONTROL_page,1
173759,76,CONTROL2_page,1
173760,76,T1_page,1
173761,76,TEXT1_page,1
173762,76,TEXT2_page,1
173763,76,T2_page,1
173764,76,T3_page,1
173765,76,T4_page,1
173766,76,T5_page,1
173767,76,T6_page,1
173768,76,TEXT3_page,1
173769,76,T7_page,1
173770,76,T8_page,1
173771,76,TEXT4_page,1
173772,76,T9_page,1
173773,76,T10_page,1
173774,76,T11_page,1
173775,76,FILTER_page,1
173776,21,RID Group,0
173776,47,RID Group,1
173777,21,Additional demographics,0
173777,47,Additional demographics,1
173778,21,DEM1,0
173778,47,DEM1,1
173779,21,DEM2,0
173779,47,DEM2,1
173780,21,DEM3,0
173780,47,DEM3,1
173781,21,DEM5,0
173781,47,DEM5,1
173782,21,DEM4,0
173782,47,DEM4,1
173783,21,QUALITY_SO_2_page,0
173783,47,QUALITY_SO_2_page,1
173784,21,CONTROL_page,0
173784,47,CONTROL_page,1
173785,21,SO_CONTROL_page,0
173785,47,SO_CONTROL_page,1
173786,21,CONTROL2_page,0
173786,47,CONTROL2_page,1
173787,21,T1_page,0
173787,47,T1_page,1
173788,21,TEXT1_page,0
173788,47,TEXT1_page,1
173789,21,TEXT2_page,0
173789,47,TEXT2_page,1
173790,21,T2_page,0
173790,47,T2_page,1
173791,21,T3_page,0
173791,47,T3_page,1
173792,21,T4_page,0
173792,47,T4_page,1
173793,21,T5_page,0
173793,47,T5_page,1
173794,21,T6_page,0
173794,47,T6_page,1
173795,21,TEXT3_page,0
173795,47,TEXT3_page,1
173796,21,T7_page,0
173796,47,T7_page,1
173797,21,T8_page,0
173797,47,T8_page,1
173798,21,TEXT4_page,0
173798,47,TEXT4_page,1
173799,21,T9_page,0
173799,47,T9_page,1
173800,21,T10_page,0
173800,47,T10_page,1
173801,21,T11_page,0
173801,47,T11_page,1
173802,21,FILTER_page,0
173802,47,FILTER_page,1
173803,5,RID Group,1
173804,5,Additional demographics,1
173805,5,DEM1,1
173806,5,DEM2,1
173807,5,DEM3,1
173808,5,DEM5,1
173809,5,DEM4,1
173810,5,QUALITY_SO_2_page,1
173811,5,CONTROL_page,1
173812,5,SO_CONTROL_page,1
173813,5,CONTROL2_page,1
173814,5,T1_page,1
173815,5,TEXT1_page,1
173816,5,TEXT2_page,1
173817,5,T2_page,1
173818,5,T3_page,1
173819,5,T4_page,1
173820,5,T5_page,1
173821,5,T6_page,1
173822,5,TEXT3_page,1
173823,5,T7_page,1
173824,5,T8_page,1
173825,5,TEXT4_page,1
173826,5,T9_page,1
173827,5,T10_page,1
173828,5,T11_page,1
173829,5,FILTER_page,1
259167,56,RID Group,1
259168,56,Additional demographics,1
259169,56,DEM1,1
259170,56,DEM2,1
259171,56,DEM3,1
259172,56,DEM4,1
259173,56,DEM5,1
259174,56,QUALITY_SO_2_page,1
259175,56,CONTROL_page,1
259176,56,SO_CONTROL_page,1
259177,56,CONTROL2_page,1
259178,56,T1_page,1
259179,56,TEXT1_page,1
259180,56,TEXT2_page,1
259181,56,T2_page,1
259182,56,T3_page,1
259183,56,T4_page,1
259185,56,T6_page,1
259186,56,TEXT3_page,1
259187,56,T7_page,1
259188,56,T8_page,1
259189,56,TEXT4_page,1
259190,56,T9_page,1
259191,56,T10_page,1
259192,56,T11_page,1
259193,56,FILTER_page,1
259195,56,A1_PAGE,1
259197,56,A2_PAGE,1
259198,56,A3_PAGE,1
259199,56,A4_PAGE,1
259200,56,A5_PAGE,1
259201,56,A6_PAGE,1
259202,56,A7_PAGE,1
259204,56,A8_PAGE,1
259206,56,C1_PAGE,1
259207,56,C2_PAGE,1
259209,56,C3_PAGE,1
259211,56,C4_PAGE,1
259212,56,C5_PAGE,1
259214,56,C6_PAGE,1
259215,56,C7_PAGE,1
259217,56,C8_PAGE,1
259219,56,C9_PAGE,1
259221,56,C10_PAGE,1
260203,76,RID Group,1
260204,76,Additional demographics,1
260205,76,DEM1,1
260206,76,DEM2,1
260207,76,DEM3,1
260208,76,DEM5,1
260209,76,DEM4,1
260210,76,QUALITY_SO_2_page,1
260211,76,CONTROL_page,1
260212,76,SO_CONTROL_page,1
260213,76,CONTROL2_page,1
260214,76,T1_page,1
260215,76,TEXT1_page,1
260216,76,TEXT2_page,1
260217,76,T2_page,1
260218,76,T3_page,1
260219,76,T4_page,1
260221,76,T6_page,1
260222,76,TEXT3_page,1
260223,76,T7_page,1
260224,76,T8_page,1
260225,76,TEXT4_page,1
260226,76,T9_page,1
260227,76,T10_page,1
260228,76,T11_page,1
260229,76,FILTER_page,1
260257,76,A1_PAGE,1
260258,76,A2_PAGE,1
260259,76,A3_PAGE,1
260260,76,A4_PAGE,1
260261,76,A5_PAGE,1
260262,76,A6_PAGE,1
260263,76,A7_PAGE,1
260266,76,A8_PAGE,1
260283,76,C4_PAGE,1
260284,76,C5_PAGE,1
260286,76,C6_PAGE,1
260288,76,C7_PAGE,1
260289,76,C8_PAGE,1
260291,76,C9_PAGE,1
260292,76,C10_PAGE,1
260315,76,C1_PAGE,1
260317,76,C2_PAGE,1
260320,76,C3_PAGE,1
260340,41,RID Group,1
260341,41,Additional demographics,1
260342,41,DEM1,1
260343,41,DEM2,1
260344,41,DEM3,1
260345,41,DEM5,1
260346,41,DEM4,1
260347,41,QUALITY_SO_2_page,1
260348,41,CONTROL_page,1
260349,41,SO_CONTROL_page,1
260350,41,CONTROL2_page,1
260351,41,T1_page,1
260352,41,TEXT1_page,1
260353,41,TEXT2_page,1
260354,41,T2_page,1
260355,41,T3_page,1
260356,41,T4_page,1
260358,41,T6_page,1
260359,41,TEXT3_page,1
260360,41,T7_page,1
260361,41,T8_page,1
260362,41,TEXT4_page,1
260363,41,T9_page,1
260364,41,T10_page,1
260365,41,T11_page,1
260366,41,FILTER_page,1
260405,41,A1_PAGE,1
260406,41,A2_PAGE,1
260407,41,A3_PAGE,1
260408,41,A4_PAGE,1
260409,41,A5_PAGE,1
260410,41,A6_PAGE,1
260411,41,A7_PAGE,1
260412,41,A8_PAGE,1
260414,41,C1_PAGE,1
260415,41,C2_PAGE,1
260416,41,C3_PAGE,1
260417,41,C4_PAGE,1
260418,41,C5_PAGE,1
260419,41,C6_PAGE,1
260420,41,C7_PAGE,1
260421,41,C8_PAGE,1
260422,41,C9_PAGE,1
260423,41,C10_PAGE,1
260991,73,RID Group,1
260992,73,Additional demographics,1
260993,73,DEM1,1
260994,73,DEM2,1
260995,73,DEM3,1
260996,73,DEM5,1
260997,73,DEM4,1
260998,73,QUALITY_SO_2_page,1
260999,73,CONTROL_page,1
261000,73,SO_CONTROL_page,1
261001,73,CONTROL2_page,1
261002,73,T1_page,1
261003,73,TEXT1_page,1
261004,73,TEXT2_page,1
261005,73,T2_page,1
261006,73,T3_page,1
261007,73,T4_page,1
261009,73,T6_page,1
261010,73,TEXT3_page,1
261011,73,T7_page,1
261012,73,T8_page,1
261013,73,TEXT4_page,1
261014,73,T9_page,1
261015,73,T10_page,1
261016,73,T11_page,1
261017,73,FILTER_page,1
261018,73,A1_PAGE,1
261019,73,A2_PAGE,1
261020,73,A3_PAGE,1
261021,73,A4_PAGE,1
261025,73,A5_PAGE,1
261026,73,A6_PAGE,1
261027,73,A7_PAGE,1
261028,73,A8_PAGE,1
261029,73,C1_PAGE,1
261030,73,C2_PAGE,1
261031,73,C3_PAGE,1
261032,73,C4_PAGE,1
261033,73,C5_PAGE,1
261034,73,C6_PAGE,1
261035,73,C7_PAGE,1
261036,73,C8_PAGE,1
261037,73,C9_PAGE,1
261038,73,C10_PAGE,1
261416,19,RID Group,1
261417,19,Additional demographics,1
261418,19,DEM1,1
261419,19,DEM2,1
261420,19,DEM3,1
261421,19,DEM5,1
261422,19,DEM4,1
261423,19,QUALITY_SO_2_page,1
261424,19,CONTROL_page,1
261425,19,SO_CONTROL_page,1
261426,19,CONTROL2_page,1
261427,19,T1_page,1
261428,19,TEXT1_page,1
261429,19,TEXT2_page,1
261430,19,T2_page,1
261431,19,T3_page,1
261432,19,T4_page,1
261434,19,T6_page,1
261435,19,TEXT3_page,1
261436,19,T7_page,1
261437,19,T8_page,1
261438,19,TEXT4_page,1
261439,19,T9_page,1
261440,19,T10_page,1
261441,19,T11_page,1
261442,19,FILTER_page,1
261467,19,A1_PAGE,1
261480,19,A2_PAGE,1
261481,21,RID Group,1
261482,21,Additional demographics,1
261483,21,DEM1,1
261484,21,DEM2,1
261485,21,DEM3,1
261486,21,DEM5,1
261487,21,DEM4,1
261488,21,QUALITY_SO_2_page,1
261489,21,CONTROL_page,1
261490,21,SO_CONTROL_page,1
261491,21,CONTROL2_page,1
261492,21,T1_page,1
261493,21,TEXT1_page,1
261494,21,TEXT2_page,1
261495,21,T2_page,1
261496,21,T3_page,1
261497,21,T4_page,1
261499,21,T6_page,1
261500,21,TEXT3_page,1
261501,21,T7_page,1
261502,21,T8_page,1
261503,21,TEXT4_page,1
261504,21,T9_page,1
261505,21,T10_page,1
261506,21,T11_page,1
261507,21,FILTER_page,1
261508,21,A1_page_copy_1591096238,1
261509,21,A2_page_copy_1591096242,1
261510,21,A3_page_copy_1591096243,1
261511,21,A4_page_copy_1591096243,1
261512,21,A5_page_copy_1591096243,1
261514,21,A6_page_copy_1591096243,1
261516,21,A7_page_copy_1591096244,1
261518,21,A8_page_copy_1591096244,1
261520,21,C1_page_copy_1591096244,1
261522,21,C2_page_copy_1591096244,1
261524,21,C3_page_copy_1591096244,1
261526,21,C4_page_copy_1591096244,1
261528,21,C5_page_copy_1591096244,1
261530,21,C6_page_copy_1591096245,1
261531,21,C7_page_copy_1591096245,1
261533,21,C8_page_copy_1591096245,1
261535,21,C9_page_copy_1591096245,1
261537,21,C10_page_copy_1591096245,1
261541,19,A3_PAGE,1
261542,19,A4_PAGE,1
261543,19,A5_PAGE,1
261544,19,A6_PAGE,1
261545,19,A7_PAGE,1
261546,21,RID Group,1
261547,21,Additional demographics,1
261548,21,DEM1,1
261549,21,DEM2,1
261550,21,DEM3,1
261551,21,DEM5,1
261552,21,DEM4,1
261553,21,QUALITY_SO_2_page,1
261554,21,CONTROL_page,1
261555,21,SO_CONTROL_page,1
261556,21,CONTROL2_page,1
261557,21,T1_page,1
261558,21,TEXT1_page,1
261559,21,TEXT2_page,1
261560,21,T2_page,1
261561,21,T3_page,1
261562,21,T4_page,1
261564,21,T6_page,1
261565,21,TEXT3_page,1
261566,21,T7_page,1
261567,21,T8_page,1
261568,21,TEXT4_page,1
261569,21,T9_page,1
261570,21,T10_page,1
261571,21,T11_page,1
261572,21,FILTER_page,1
261573,21,A1_page_copy_1591096981,1
261574,21,A2_page_copy_1591096981,1
261575,21,A3_page_copy_1591096981,1
261576,21,A4_page_copy_1591096981,1
261577,21,A5_page_copy_1591096981,1
261578,21,A6_page_copy_1591096981,1
261579,21,A7_page_copy_1591096982,1
261580,21,A8_page_copy_1591096982,1
261581,21,C1_page_copy_1591096982,1
261582,21,C2_page_copy_1591096982,1
261583,21,C3_page_copy_1591096982,1
261584,21,C4_page_copy_1591096982,1
261585,21,C5_page_copy_1591096983,1
261586,21,C6_page_copy_1591096983,1
261587,21,C7_page_copy_1591096983,1
261588,21,C8_page_copy_1591096983,1
261589,21,C9_page_copy_1591096983,1
261590,21,C10_page_copy_1591096983,1
261591,19,A8_PAGE,1
261592,19,C1_PAGE,1
261593,19,C2_PAGE,1
261594,21,RID Group,1
261595,21,Additional demographics,1
261596,21,DEM1,1
261597,21,DEM2,1
261598,21,DEM3,1
261599,21,DEM5,1
261600,21,DEM4,1
261601,21,QUALITY_SO_2_page,1
261602,21,CONTROL_page,1
261603,21,SO_CONTROL_page,1
261604,21,CONTROL2_page,1
261605,21,T1_page,1
261606,21,TEXT1_page,1
261607,21,TEXT2_page,1
261608,21,T2_page,1
261609,21,T3_page,1
261610,21,T4_page,1
261612,21,T6_page,1
261613,21,TEXT3_page,1
261614,21,T7_page,1
261615,21,T8_page,1
261616,21,TEXT4_page,1
261617,21,T9_page,1
261618,21,T10_page,1
261619,21,T11_page,1
261620,21,FILTER_page,1
261621,21,A1_page_copy_1591097219,1
261622,21,A2_page_copy_1591097219,1
261623,19,C3_PAGE,1
261624,21,A3_page_copy_1591097219,1
261625,21,A4_page_copy_1591097219,1
261626,21,A5_page_copy_1591097219,1
261627,21,A6_page_copy_1591097220,1
261628,21,A7_page_copy_1591097220,1
261629,21,A8_page_copy_1591097220,1
261630,21,C1_page_copy_1591097220,1
261631,21,C2_page_copy_1591097220,1
261632,21,C3_page_copy_1591097220,1
261633,21,C4_page_copy_1591097221,1
261634,21,C5_page_copy_1591097221,1
261635,21,C6_page_copy_1591097221,1
261636,21,C7_page_copy_1591097221,1
261637,21,C8_page_copy_1591097221,1
261638,21,C9_page_copy_1591097221,1
261639,21,C10_page_copy_1591097222,1
261640,21,RID Group,1
261641,21,Additional demographics,1
261642,21,DEM1,1
261643,21,DEM2,1
261644,21,DEM3,1
261645,21,DEM5,1
261646,21,DEM4,1
261647,21,QUALITY_SO_2_page,1
261648,21,CONTROL_page,1
261649,21,SO_CONTROL_page,1
261650,21,CONTROL2_page,1
261651,21,T1_page,1
261652,21,TEXT1_page,1
261653,21,TEXT2_page,1
261654,21,T2_page,1
261655,21,T3_page,1
261656,21,T4_page,1
261658,21,T6_page,1
261659,21,TEXT3_page,1
261660,21,T7_page,1
261661,21,T8_page,1
261662,21,TEXT4_page,1
261663,21,T9_page,1
261664,21,T10_page,1
261665,21,T11_page,1
261666,21,FILTER_page,1
261667,21,A1_page_copy_1591097267,1
261668,21,A2_page_copy_1591097267,1
261669,21,A3_page_copy_1591097267,1
261670,21,A4_page_copy_1591097267,1
261671,21,A5_page_copy_1591097267,1
261672,21,A6_page_copy_1591097268,1
261673,21,A7_page_copy_1591097268,1
261674,21,C6_page_copy_1591097268,1
261675,21,A8_page_copy_1591097268,1
261676,21,C7_page_copy_1591097268,1
261677,21,C1_page_copy_1591097268,1
261678,21,C8_page_copy_1591097268,1
261679,21,C2_page_copy_1591097269,1
261680,21,C9_page_copy_1591097269,1
261681,21,C3_page_copy_1591097269,1
261682,21,C10_page_copy_1591097269,1
261683,21,C4_page_copy_1591097269,1
261684,21,C5_page_copy_1591097269,1
261685,19,C4_PAGE,1
261686,21,RID Group,1
261687,21,Additional demographics,1
261688,21,DEM1,1
261689,21,DEM2,1
261690,21,DEM3,1
261691,21,DEM5,1
261692,21,DEM4,1
261693,21,QUALITY_SO_2_page,1
261694,21,CONTROL_page,1
261695,21,SO_CONTROL_page,1
261696,21,CONTROL2_page,1
261697,21,T1_page,1
261698,21,TEXT1_page,1
261699,21,TEXT2_page,1
261700,21,T2_page,1
261701,21,T3_page,1
261702,21,T4_page,1
261704,21,T6_page,1
261705,21,TEXT3_page,1
261706,21,T7_page,1
261707,21,T8_page,1
261708,21,TEXT4_page,1
261709,21,T9_page,1
261710,21,T10_page,1
261711,21,T11_page,1
261712,21,FILTER_page,1
261713,21,A1_page_copy_1591097321,1
261714,21,A2_page_copy_1591097321,1
261715,21,A3_page_copy_1591097322,1
261716,21,A4_page_copy_1591097322,1
261717,21,A5_page_copy_1591097322,1
261718,21,A6_page_copy_1591097322,1
261719,21,A7_page_copy_1591097322,1
261720,21,C9_page_copy_1591097322,1
261721,21,C6_page_copy_1591097322,1
261722,21,C3_page_copy_1591097323,1
261723,21,A8_page_copy_1591097323,1
261724,21,C10_page_copy_1591097323,1
261725,21,C7_page_copy_1591097323,1
261726,21,C4_page_copy_1591097323,1
261727,21,C1_page_copy_1591097323,1
261728,21,C8_page_copy_1591097323,1
261729,21,C5_page_copy_1591097324,1
261730,21,C2_page_copy_1591097324,1
261731,19,C5_PAGE,1
261732,21,RID Group,1
261733,21,Additional demographics,1
261734,21,DEM1,1
261735,21,DEM2,1
261736,21,DEM3,1
261737,21,DEM5,1
261738,21,DEM4,1
261739,21,QUALITY_SO_2_page,1
261740,21,CONTROL_page,1
261741,21,SO_CONTROL_page,1
261742,21,CONTROL2_page,1
261743,21,T1_page,1
261744,21,TEXT1_page,1
261745,21,TEXT2_page,1
261746,21,T2_page,1
261747,21,T3_page,1
261748,21,T4_page,1
261750,21,T6_page,1
261751,21,TEXT3_page,1
261752,21,T7_page,1
261753,21,T8_page,1
261754,21,TEXT4_page,1
261755,21,T9_page,1
261756,21,T10_page,1
261757,21,T11_page,1
261758,21,FILTER_page,1
261759,19,C6_PAGE,1
261760,21,A1_page_copy_1591097370,1
261761,21,A2_page_copy_1591097371,1
261762,21,A4_page_copy_1591097371,1
261763,21,A3_page_copy_1591097371,1
261764,21,A5_page_copy_1591097371,1
261765,21,A6_page_copy_1591097371,1
261766,21,A7_page_copy_1591097371,1
261767,21,C4_page_copy_1591097371,1
261768,21,C9_page_copy_1591097371,1
261769,21,C1_page_copy_1591097372,1
261770,21,C6_page_copy_1591097372,1
261771,21,C3_page_copy_1591097372,1
261772,21,C8_page_copy_1591097372,1
261773,21,C5_page_copy_1591097372,1
261774,21,A8_page_copy_1591097372,1
261775,21,C10_page_copy_1591097373,1
261776,21,C2_page_copy_1591097373,1
261777,21,C7_page_copy_1591097373,1
261778,19,C7_PAGE,1
261779,21,RID Group,1
261780,21,Additional demographics,1
261781,21,DEM1,1
261782,21,DEM2,1
261783,21,DEM3,1
261784,21,DEM5,1
261785,21,DEM4,1
261786,21,QUALITY_SO_2_page,1
261787,21,CONTROL_page,1
261788,21,SO_CONTROL_page,1
261789,21,CONTROL2_page,1
261790,21,T1_page,1
261791,21,TEXT1_page,1
261792,21,TEXT2_page,1
261793,21,T2_page,1
261794,21,T3_page,1
261795,21,T4_page,1
261797,21,T6_page,1
261798,21,TEXT3_page,1
261799,21,T7_page,1
261800,21,T8_page,1
261801,21,TEXT4_page,1
261802,21,T9_page,1
261803,21,T10_page,1
261804,21,T11_page,1
261805,21,FILTER_page,1
261806,21,A1_page_copy_1591097415,1
261807,21,A2_page_copy_1591097417,1
261808,21,A4_page_copy_1591097417,1
261809,21,A5_page_copy_1591097417,1
261810,21,A3_page_copy_1591097417,1
261811,21,A6_page_copy_1591097417,1
261812,21,C8_page_copy_1591097417,1
261813,21,A7_page_copy_1591097418,1
261814,21,C5_page_copy_1591097418,1
261815,21,C4_page_copy_1591097418,1
261816,21,A8_page_copy_1591097418,1
261817,21,C9_page_copy_1591097418,1
261818,21,C1_page_copy_1591097418,1
261819,21,C10_page_copy_1591097419,1
261820,21,C2_page_copy_1591097419,1
261821,21,C6_page_copy_1591097419,1
261822,21,C7_page_copy_1591097419,1
261823,21,C3_page_copy_1591097419,1
261824,19,C8_PAGE,1
261825,21,RID Group,1
261826,21,Additional demographics,1
261827,21,DEM1,1
261828,21,DEM2,1
261829,21,DEM3,1
261830,21,DEM5,1
261831,21,DEM4,1
261832,21,QUALITY_SO_2_page,1
261833,21,CONTROL_page,1
261834,21,SO_CONTROL_page,1
261835,21,CONTROL2_page,1
261836,21,T1_page,1
261837,21,TEXT1_page,1
261838,21,TEXT2_page,1
261839,21,T2_page,1
261840,21,T3_page,1
261841,21,T4_page,1
261843,21,T6_page,1
261844,21,TEXT3_page,1
261845,21,T7_page,1
261846,21,T8_page,1
261847,21,TEXT4_page,1
261848,21,T9_page,1
261849,21,T10_page,1
261850,21,T11_page,1
261851,21,FILTER_page,1
261852,21,A1_page_copy_1591097461,1
261853,21,A2_page_copy_1591097461,1
261854,21,A4_page_copy_1591097461,1
261855,21,A5_page_copy_1591097461,1
261856,21,A6_page_copy_1591097462,1
261857,21,A3_page_copy_1591097462,1
261858,21,C8_page_copy_1591097462,1
261859,21,C1_page_copy_1591097462,1
261860,21,C10_page_copy_1591097462,1
261861,21,A7_page_copy_1591097462,1
261862,21,C2_page_copy_1591097462,1
261863,21,C5_page_copy_1591097463,1
261864,21,C6_page_copy_1591097463,1
261865,21,C4_page_copy_1591097463,1
261866,21,A8_page_copy_1591097463,1
261867,21,C7_page_copy_1591097463,1
261868,21,C9_page_copy_1591097463,1
261869,21,C3_page_copy_1591097464,1
261870,19,C9_PAGE,1
261871,19,C10_PAGE,1
261872,57,RID Group,1
261873,57,Additional demographics,1
261874,57,DEM1,1
261875,57,DEM2,1
261876,57,DEM3,1
261877,57,DEM4,1
261878,57,DEM5,1
261879,57,QUALITY_SO_2_page,1
261880,57,CONTROL_page,1
261881,57,SO_CONTROL_page,1
261882,57,CONTROL2_page,1
261883,57,T1_page,1
261884,57,TEXT1_page,1
261885,57,TEXT2_page,1
261886,57,T2_page,1
261887,57,T3_page,1
261888,57,T4_page,1
261890,57,T6_page,1
261891,57,TEXT3_page,1
261892,57,T7_page,1
261893,57,T8_page,1
261894,57,TEXT4_page,1
261895,57,T9_page,1
261896,57,T10_page,1
261897,57,T11_page,1
261898,57,FILTER_page,1
261899,57,A1_PAGE,1
261900,57,A2_PAGE,1
261901,57,A3_PAGE,1
261902,57,A4_PAGE,1
261903,57,A5_PAGE,1
261904,57,A6_PAGE,1
261905,57,A7_PAGE,1
261906,57,A8_PAGE,1
261908,57,C1_PAGE,1
261909,57,C2_PAGE,1
261910,57,C3_PAGE,1
261911,57,C4_PAGE,1
261912,57,C5_PAGE,1
261913,57,C6_PAGE,1
261914,57,C7_PAGE,1
261915,57,C8_PAGE,1
261916,57,C9_PAGE,1
261917,57,C10_PAGE,1
261920,57,RID Group,1
261921,57,Additional demographics,1
261922,57,DEM1,1
261923,57,DEM2,1
261924,57,DEM3,1
261925,57,DEM4,1
261926,57,DEM5,1
261927,57,QUALITY_SO_2_page,1
261928,57,CONTROL_page,1
261929,57,SO_CONTROL_page,1
261930,57,CONTROL2_page,1
261931,57,T1_page,1
261932,57,TEXT1_page,1
261933,57,TEXT2_page,1
261934,57,T2_page,1
261935,57,T3_page,1
261936,57,T4_page,1
261938,57,T6_page,1
261939,57,TEXT3_page,1
261940,57,T7_page,1
261941,57,T8_page,1
261942,57,TEXT4_page,1
261943,57,T9_page,1
261944,57,T10_page,1
261945,57,T11_page,1
261946,57,FILTER_page,1
261947,57,A1_PAGE,1
261948,57,A2_PAGE,1
261949,57,A3_PAGE,1
261950,57,A4_PAGE,1
261951,57,A5_PAGE,1
261952,57,A6_PAGE,1
261953,57,A7_PAGE,1
261954,57,A8_PAGE,1
261955,57,C1_PAGE,1
261956,57,C2_PAGE,1
261957,57,C3_PAGE,1
261958,57,C4_PAGE,1
261959,57,C5_PAGE,1
261960,57,C6_PAGE,1
261961,57,C7_PAGE,1
261962,57,C8_PAGE,1
261963,57,C9_PAGE,1
261964,57,C10_PAGE,1
261966,60,RID Group,1
261967,60,Additional demographics,1
261968,60,DEM1,1
261969,60,DEM2,1
261970,60,DEM3,1
261971,60,DEM4,1
261972,60,DEM5,1
261973,60,QUALITY_SO_2_page,1
261974,60,CONTROL_page,1
261975,60,SO_CONTROL_page,1
261976,60,CONTROL2_page,1
261977,60,T1_page,1
261978,60,TEXT1_page,1
261979,60,TEXT2_page,1
261980,60,T2_page,1
261981,60,T3_page,1
261982,60,T4_page,1
261984,60,T6_page,1
261985,60,TEXT3_page,1
261986,60,T7_page,1
261987,60,T8_page,1
261988,60,TEXT4_page,1
261989,60,T9_page,1
261990,60,T10_page,1
261991,60,T11_page,1
261992,60,FILTER_page,1
261993,60,A1_PAGE,1
261994,60,A2_PAGE,1
261995,60,A3_PAGE,1
261996,60,A4_PAGE,1
261997,60,A5_PAGE,1
261998,60,A6_PAGE,1
261999,60,A7_PAGE,1
262000,60,A8_PAGE,1
262001,60,C1_PAGE,1
262002,60,C2_PAGE,1
262003,60,C3_PAGE,1
262004,60,C4_PAGE,1
262005,60,C5_PAGE,1
262006,60,C6_PAGE,1
262007,60,C7_PAGE,1
262008,60,C8_PAGE,1
262010,60,C9_PAGE,1
262011,60,C10_PAGE,1
262248,13,RID Group,1
262249,13,Additional demographics,1
262250,13,DEM1,1
262251,13,DEM2,1
262252,13,DEM3,1
262253,13,DEM4,1
262254,13,DEM5,1
262255,13,QUALITY_SO_2_page,1
262256,13,CONTROL_page,1
262257,13,SO_CONTROL_page,1
262258,13,CONTROL2_page,1
262259,13,T1_page,1
262260,13,TEXT1_page,1
262261,13,TEXT2_page,1
262262,13,T2_page,1
262263,13,T3_page,1
262264,13,T4_page,1
262266,13,T6_page,1
262267,13,TEXT3_page,1
262268,13,T7_page,1
262269,13,T8_page,1
262270,13,TEXT4_page,1
262271,13,T9_page,1
262272,13,T10_page,1
262273,13,T11_page,1
262274,13,FILTER_page,1
262275,13,A1_PAGE,1
262276,13,A2_PAGE,1
262277,13,A3_PAGE,1
262278,13,A4_PAGE,1
262279,13,A5_PAGE,1
262281,13,A6_PAGE,1
262282,13,A7_PAGE,1
262283,13,A8_PAGE,1
262284,13,C1_PAGE,1
262285,13,C2_PAGE,1
262286,13,C3_PAGE,1
262287,13,C4_PAGE,1
262288,13,C5_PAGE,1
262289,13,C6_PAGE,1
262290,13,C7_PAGE,1
262291,13,C8_PAGE,1
262292,13,C9_PAGE,1
262294,13,C10_PAGE,1
262373,14,RID Group,1
262373,21,RID Group,0
262374,14,Additional demographics,1
262374,21,Additional demographics,0
262375,14,DEM1,1
262375,21,DEM1,0
262376,14,DEM2,1
262376,21,DEM2,0
262377,14,DEM3,1
262377,21,DEM3,0
262378,14,DEM4,1
262378,21,DEM4,0
262379,14,DEM5,1
262379,21,DEM5,0
262380,14,QUALITY_SO_2_page,1
262380,21,QUALITY_SO_2_page,0
262381,14,CONTROL_page,1
262381,21,CONTROL_page,0
262382,14,SO_CONTROL_page,1
262382,21,SO_CONTROL_page,0
262383,14,CONTROL2_page,1
262383,21,CONTROL2_page,0
262384,14,T1_page,1
262384,21,T1_page,0
262385,14,TEXT1_page,1
262385,21,TEXT1_page,0
262386,14,TEXT2_page,1
262386,21,TEXT2_page,0
262387,14,T2_page,1
262387,21,T2_page,0
262388,14,T3_page,1
262388,21,T3_page,0
262389,14,T4_page,1
262389,21,T4_page,0
262391,14,T6_page,1
262391,21,T6_page,0
262392,14,TEXT3_page,1
262392,21,TEXT3_page,0
262393,14,T7_page,1
262393,21,T7_page,0
262394,14,T8_page,1
262394,21,T8_page,0
262395,14,TEXT4_page,1
262395,21,TEXT4_page,0
262396,14,T9_page,1
262396,21,T9_page,0
262397,14,T10_page,1
262397,21,T10_page,0
262398,14,T11_page,1
262398,21,T11_page,0
262399,14,FILTER_page,1
262399,21,FILTER_page,0
262400,14,A1_PAGE,1
262400,21,A1_PAGE,0
262401,14,A2_PAGE,1
262401,21,A2_PAGE,0
262402,14,A3_PAGE,1
262402,21,A3_PAGE,0
262403,14,A4_PAGE,1
262403,21,A4_PAGE,0
262404,14,A5_PAGE,1
262404,21,A5_PAGE,0
262405,14,A6_PAGE,1
262405,21,A6_PAGE,0
262406,14,A7_PAGE,1
262406,21,A7_PAGE,0
262407,14,A8_PAGE,1
262407,21,A8_PAGE,0
262408,14,C1_PAGE,1
262408,21,C1_PAGE,0
262409,14,C2_PAGE,1
262409,21,C2_PAGE,0
262410,14,C3_PAGE,1
262410,21,C3_PAGE,0
262411,14,C4_PAGE,1
262411,21,C4_PAGE,0
262412,14,C5_PAGE,1
262412,21,C5_PAGE,0
262413,14,C6_PAGE,1
262413,21,C6_PAGE,0
262414,14,C7_PAGE,1
262414,21,C7_PAGE,0
262415,14,C8_PAGE,1
262415,21,C8_PAGE,0
262416,14,C9_PAGE,1
262416,21,C9_PAGE,0
262417,14,C10_PAGE,1
262417,21,C10_PAGE,0
262451,14,LANGUAGE_PAGE,1
262451,21,LANGUAGE_PAGE,0
262453,21,RID Group,1
262454,21,Additional demographics,1
262455,21,DEM1,1
262456,21,DEM2,1
262457,21,DEM3,1
262458,21,DEM5,1
262459,21,DEM4,1
262460,21,QUALITY_SO_2_page,1
262461,21,CONTROL_page,1
262462,21,SO_CONTROL_page,1
262463,21,CONTROL2_page,1
262464,21,T1_page,1
262465,21,TEXT1_page,1
262466,21,TEXT2_page,1
262467,21,T2_page,1
262468,21,T3_page,1
262469,21,T4_page,1
262471,21,T6_page,1
262472,21,TEXT3_page,1
262473,21,T7_page,1
262474,21,T8_page,1
262475,21,TEXT4_page,1
262476,21,T9_page,1
262477,21,T10_page,1
262478,21,T11_page,1
262479,21,FILTER_page,1
262480,21,A1_page_copy_1591181664,1
262481,21,A2_page_copy_1591181664,1
262482,21,C1_page_copy_1591181665,1
262483,21,C10_page_copy_1591181665,1
262484,21,A4_page_copy_1591181665,1
262485,21,A7_page_copy_1591181665,1
262486,21,A5_page_copy_1591181665,1
262487,21,C2_page_copy_1591181665,1
262488,21,C5_page_copy_1591181665,1
262489,21,C6_page_copy_1591181666,1
262490,21,A6_page_copy_1591181666,1
262491,21,A3_page_copy_1591181666,1
262492,21,C8_page_copy_1591181666,1
262493,21,C4_page_copy_1591181666,1
262494,21,A8_page_copy_1591181666,1
262495,21,C7_page_copy_1591181666,1
262496,21,C9_page_copy_1591181666,1
262497,21,C3_page_copy_1591181667,1
262568,43,RID Group,1
262569,43,Additional demographics,1
262570,43,DEM1,1
262571,43,DEM2,1
262572,43,DEM3,1
262573,43,DEM5,1
262574,43,DEM4,1
262575,43,QUALITY_SO_2_page,1
262576,43,CONTROL_page,1
262577,43,SO_CONTROL_page,1
262578,43,CONTROL2_page,1
262579,43,T1_page,1
262580,43,TEXT1_page,1
262581,43,TEXT2_page,1
262582,43,T2_page,1
262583,43,T3_page,1
262584,43,T4_page,1
262586,43,T6_page,1
262587,43,TEXT3_page,1
262588,43,T7_page,1
262589,43,T8_page,1
262590,43,TEXT4_page,1
262591,43,T9_page,1
262592,43,T10_page,1
262593,43,T11_page,1
262594,43,FILTER_page,1
262595,43,A1_PAGE,1
262596,43,A2_PAGE,1
262597,43,A3_PAGE,1
262598,43,A4_PAGE,1
262599,43,A5_PAGE,1
262600,43,A6_PAGE,1
262601,43,A7_PAGE,1
262602,43,A8_PAGE,1
262603,43,C1_PAGE,1
262604,43,C2_PAGE,1
262605,43,C3_PAGE,1
262633,43,C4_PAGE,1
262634,43,C5_PAGE,1
262635,43,C6_PAGE,1
262636,43,C7_PAGE,1
262637,43,C8_PAGE,1
262638,43,C9_PAGE,1
262639,43,C10_PAGE,1
262690,19,RID Group,0
262690,25,RID Group,1
262691,19,Additional demographics,0
262691,25,Additional demographics,1
262692,19,DEM1,0
262692,25,DEM1,1
262693,19,DEM2,0
262693,25,DEM2,1
262694,19,DEM3,0
262694,25,DEM3,1
262695,19,DEM4,0
262695,25,DEM4,1
262696,19,DEM5,0
262696,25,DEM5,1
262697,19,QUALITY_SO_2_page,0
262697,25,QUALITY_SO_2_page,1
262698,19,CONTROL_page,0
262698,25,CONTROL_page,1
262699,19,SO_CONTROL_page,0
262699,25,SO_CONTROL_page,1
262700,19,CONTROL2_page,0
262700,25,CONTROL2_page,1
262701,19,T1_page,0
262701,25,T1_page,1
262702,19,TEXT1_page,0
262702,25,TEXT1_page,1
262703,19,TEXT2_page,0
262703,25,TEXT2_page,1
262704,19,T2_page,0
262704,25,T2_page,1
262705,19,T3_page,0
262705,25,T3_page,1
262706,19,T4_page,0
262706,25,T4_page,1
262708,19,T6_page,0
262708,25,T6_page,1
262709,19,TEXT3_page,0
262709,25,TEXT3_page,1
262710,19,T7_page,0
262710,25,T7_page,1
262711,19,T8_page,0
262711,25,T8_page,1
262712,19,TEXT4_page,0
262712,25,TEXT4_page,1
262713,19,T9_page,0
262713,25,T9_page,1
262714,19,T10_page,0
262714,25,T10_page,1
262715,19,T11_page,0
262715,25,T11_page,1
262716,19,FILTER_page,0
262716,25,FILTER_page,1
262717,19,LANGUAGE_SWITCH_page,0
262717,25,LANGUAGE_SWITCH_page,1
262718,19,A1_page_copy_1591195449,0
262718,25,A1_page_copy_1591195449,1
262719,19,A2_page_copy_1591195449,0
262719,25,A2_page_copy_1591195449,1
262720,19,C8_page_copy_1591195449,0
262720,25,C8_page_copy_1591195449,1
262721,19,C1_page_copy_1591195449,0
262721,25,C1_page_copy_1591195449,1
262722,19,C4_page_copy_1591195449,0
262722,25,C4_page_copy_1591195449,1
262723,19,A8_page_copy_1591195450,0
262723,25,A8_page_copy_1591195450,1
262724,19,C7_page_copy_1591195450,0
262724,25,C7_page_copy_1591195450,1
262725,19,C10_page_copy_1591195450,0
262725,25,C10_page_copy_1591195450,1
262726,19,A4_page_copy_1591195450,0
262726,25,A4_page_copy_1591195450,1
262727,19,C9_page_copy_1591195450,0
262727,25,C9_page_copy_1591195450,1
262728,19,C3_page_copy_1591195450,0
262728,25,C3_page_copy_1591195450,1
262729,19,A7_page_copy_1591195450,0
262729,25,A7_page_copy_1591195450,1
262730,19,A5_page_copy_1591195450,0
262730,25,A5_page_copy_1591195450,1
262731,19,C2_page_copy_1591195450,0
262731,25,C2_page_copy_1591195450,1
262732,19,C5_page_copy_1591195451,0
262732,25,C5_page_copy_1591195451,1
262733,19,C6_page_copy_1591195451,0
262733,25,C6_page_copy_1591195451,1
262734,19,A6_page_copy_1591195451,0
262734,25,A6_page_copy_1591195451,1
262735,19,A3_page_copy_1591195451,0
262735,25,A3_page_copy_1591195451,1
262990,24,RID Group,1
262991,24,Additional demographics,1
262992,24,DEM1,1
262993,24,DEM2,1
262994,24,DEM3,1
262995,24,DEM4,1
262996,24,DEM5,1
262997,24,QUALITY_SO_2_page,1
262998,24,CONTROL_page,1
262999,24,SO_CONTROL_page,1
263000,24,CONTROL2_page,1
263001,24,T1_page,1
263002,24,TEXT1_page,1
263003,24,TEXT2_page,1
263004,24,T2_page,1
263005,24,T3_page,1
263006,24,T4_page,1
263008,24,T6_page,1
263009,24,TEXT3_page,1
263010,24,T7_page,1
263011,24,T8_page,1
263012,24,TEXT4_page,1
263013,24,T9_page,1
263014,24,T10_page,1
263015,24,T11_page,1
263016,24,FILTER_page,1
263298,24,A1_page,1
263299,24,A2_page,1
263300,24,A3_page,1
263301,24,A4_page,1
263302,24,A5_page,1
263303,24,A6_page,1
263304,24,A7_page,1
263305,24,A8_page,1
263306,24,C1_page,1
263308,24,C2_page,1
263309,24,C3_page,1
263310,24,C4_page,1
263311,24,C5_page,1
263312,24,C6_page,1
263313,24,C7_page,1
263314,24,C8_page,1
263315,24,C9_page,1
263316,24,C10_page,1
263317,27,RID Group,1
263318,27,Additional demographics,1
263319,27,DEM1,1
263320,27,DEM2,1
263321,27,DEM3,1
263322,27,DEM5,1
263323,27,DEM4,1
263324,27,QUALITY_SO_2_page,1
263325,27,CONTROL_page,1
263326,27,SO_CONTROL_page,1
263327,27,CONTROL2_page,1
263328,27,T1_page,1
263329,27,TEXT1_page,1
263330,27,TEXT2_page,1
263331,27,T2_page,1
263332,27,T3_page,1
263333,27,T4_page,1
263335,27,T6_page,1
263336,27,TEXT3_page,1
263337,27,T7_page,1
263338,27,T8_page,1
263339,27,TEXT4_page,1
263340,27,T9_page,1
263341,27,T10_page,1
263342,27,T11_page,1
263343,27,FILTER_page,1
263344,27,A1_page,1
263345,27,A2_page,1
263346,27,A3_page,1
263347,27,A4_page,1
263348,27,A5_page,1
263349,27,A6_page,1
263350,27,A7_page,1
263370,27,A8_page,1
263371,27,C1_page,1
263372,27,C2_page,1
263373,27,C3_page,1
263393,27,C4_page,1
263394,27,C5_page,1
263395,27,C6_page,1
263396,27,C7_page,1
263416,27,C8_page,1
263417,27,C9_page,1
263418,27,C10_page,1
263602,21,RID Group,1
263603,21,Additional demographics,1
263604,21,DEM1,1
263605,21,DEM2,1
263606,21,DEM3,1
263607,21,DEM5,1
263608,21,DEM4,1
263609,21,QUALITY_SO_2_page,1
263610,21,CONTROL_page,1
263611,21,SO_CONTROL_page,1
263612,21,CONTROL2_page,1
263613,21,T1_page,1
263614,21,TEXT1_page,1
263615,21,TEXT2_page,1
263616,21,T2_page,1
263617,21,T3_page,1
263618,21,T4_page,1
263619,21,T6_page,1
263620,21,TEXT3_page,1
263621,21,T7_page,1
263622,21,T8_page,1
263623,21,TEXT4_page,1
263624,21,T9_page,1
263625,21,T10_page,1
263626,21,T11_page,1
263627,21,FILTER_page,1
263628,21,A1_page_copy_1591262821,1
263629,21,A2_page_copy_1591262821,1
263630,21,C8_page_copy_1591262821,1
263631,21,C1_page_copy_1591262821,1
263632,21,C4_page_copy_1591262821,1
263633,21,A8_page_copy_1591262822,1
263634,21,C7_page_copy_1591262822,1
263635,21,C10_page_copy_1591262826,1
263636,21,A4_page_copy_1591262827,1
263637,21,C9_page_copy_1591262827,1
263638,21,C3_page_copy_1591262827,1
263642,21,A7_page_copy_1591262832,1
263653,21,A5_page_copy_1591262832,1
263662,21,C2_page_copy_1591262832,1
263668,21,C5_page_copy_1591262832,1
263669,21,C6_page_copy_1591262832,1
263670,21,A6_page_copy_1591262833,1
263671,21,A3_page_copy_1591262833,1
263737,66,RID Group,1
263738,66,Additional demographics,1
263739,66,DEM1,1
263740,66,DEM2,1
263741,66,DEM3,1
263742,66,DEM5,1
263743,66,DEM4,1
263744,66,QUALITY_SO_2_page,1
263745,66,CONTROL_page,1
263746,66,SO_CONTROL_page,1
263747,66,CONTROL2_page,1
263748,66,T1_page,1
263749,66,TEXT1_page,1
263750,66,TEXT2_page,1
263751,66,T2_page,1
263752,66,T3_page,1
263753,66,T4_page,1
263755,66,T6_page,1
263756,66,TEXT3_page,1
263757,66,T7_page,1
263758,66,T8_page,1
263759,66,TEXT4_page,1
263760,66,T9_page,1
263761,66,T10_page,1
263762,66,T11_page,1
263763,66,FILTER,1
263764,66,A1_PAGE,1
263765,66,A2_PAGE,1
263766,66,A3_PAGE,1
263767,66,A4_PAGE,1
263768,66,A5_PAGE,1
263769,66,A6_PAGE,1
263770,66,A7_PAGE,1
263771,66,A8_PAGE,1
263772,66,C1_PAGE,1
263773,66,C2_PAGE,1
263774,66,C3_PAGE,1
263775,66,C4_PAGE,1
263776,66,C5_PAGE,1
263777,66,C6_PAGE,1
263778,66,C7_PAGE,1
263779,66,C8_PAGE,1
263780,66,C9_PAGE,1
263781,66,C10_PAGE,1
263782,72,RID Group,1
263783,72,Additional demographics,1
263784,72,DEM1,1
263785,72,DEM2,1
263786,72,DEM3,1
263787,72,DEM5,1
263788,72,DEM4,1
263789,72,QUALITY_SO_2_page,1
263790,72,CONTROL_page,1
263791,72,SO_CONTROL_page,1
263792,72,CONTROL2_page,1
263793,72,T1_page,1
263794,72,TEXT1_page,1
263795,72,TEXT2_page,1
263796,72,T2_page,1
263797,72,T3_page,1
263798,72,T4_page,1
263800,72,T6_page,1
263801,72,TEXT3_page,1
263802,72,T7_page,1
263803,72,T8_page,1
263804,72,TEXT4_page,1
263805,72,T9_page,1
263806,72,T10_page,1
263807,72,T11_page,1
263808,72,FILTER_page,1
263822,72,A1_page,1
263823,72,A2_page,1
263824,72,A3_page,1
263827,72,A4_page,1
263828,72,A5_page,1
263830,72,A6_page,1
263831,72,A7_page,1
263833,72,A8_page,1
263834,72,C1_page,1
263836,72,C2_page,1
263837,72,C3_page,1
263838,72,C4_page,1
263839,72,C5_page,1
263840,72,C6_page,1
263841,72,C7_page,1
263843,72,C8_page,1
263844,72,C9_page,1
263845,72,C10_page,1
263979,66,RID Group,1
263980,66,Additional demographics,1
263981,66,DEM1,1
263982,66,DEM2,1
263983,66,DEM3,1
263984,66,DEM5,1
263985,66,DEM4,1
263986,66,QUALITY_SO_2_page,1
263987,66,CONTROL_page,1
263988,66,SO_CONTROL_page,1
263989,66,CONTROL2_page,1
263990,66,T1_page,1
263991,66,TEXT1_page,1
263992,66,TEXT2_page,1
263993,66,T2_page,1
263994,66,T3_page,1
263995,66,T4_page,1
263997,66,T6_page,1
263998,66,TEXT3_page,1
263999,66,T7_page,1
264000,66,T8_page,1
264001,66,TEXT4_page,1
264002,66,T9_page,1
264003,66,T10_page,1
264004,66,T11_page,1
264005,66,FILTER,1
264006,66,A1_PAGE_copy_1591277924,1
264007,66,A2_PAGE_copy_1591277924,1
264008,66,A3_PAGE_copy_1591277924,1
264009,66,A4_PAGE_copy_1591277924,1
264010,66,A5_PAGE_copy_1591277924,1
264011,66,A6_PAGE_copy_1591277925,1
264012,66,A7_PAGE_copy_1591277925,1
264013,66,A8_PAGE_copy_1591277925,1
264014,66,C1_PAGE_copy_1591277925,1
264015,66,C2_PAGE_copy_1591277925,1
264016,66,C3_PAGE_copy_1591277925,1
264017,66,C4_PAGE_copy_1591277925,1
264018,66,C5_PAGE_copy_1591277926,1
264019,66,C6_PAGE_copy_1591277926,1
264020,66,C7_PAGE_copy_1591277926,1
264021,66,C8_PAGE_copy_1591277926,1
264022,66,C9_PAGE_copy_1591277926,1
264023,66,C10_PAGE_copy_1591277926,1
264024,66,RID Group,1
264025,66,Additional demographics,1
264026,66,DEM1,1
264027,66,DEM2,1
264028,66,DEM3,1
264029,66,DEM5,1
264030,66,DEM4,1
264031,66,QUALITY_SO_2_page,1
264032,66,CONTROL_page,1
264033,66,SO_CONTROL_page,1
264034,66,CONTROL2_page,1
264035,66,T1_page,1
264036,66,TEXT1_page,1
264037,66,TEXT2_page,1
264038,66,T2_page,1
264039,66,T3_page,1
264040,66,T4_page,1
264042,66,T6_page,1
264043,66,TEXT3_page,1
264044,66,T7_page,1
264045,66,T8_page,1
264046,66,TEXT4_page,1
264047,66,T9_page,1
264048,66,T10_page,1
264049,66,T11_page,1
264050,66,FILTER,1
264051,66,A1_PAGE,1
264052,66,A2_PAGE,1
264053,66,A3_PAGE,1
264054,66,A4_PAGE,1
264055,66,A5_PAGE,1
264056,66,A6_PAGE,1
264057,66,A7_PAGE,1
264058,66,A8_PAGE,1
264059,66,C1_PAGE,1
264060,66,C2_PAGE,1
264061,66,C3_PAGE,1
264062,66,C4_PAGE,1
264063,66,C5_PAGE,1
264064,66,C6_PAGE,1
264065,66,C7_PAGE,1
264066,66,C8_PAGE,1
264067,66,C9_PAGE,1
264068,66,C10_PAGE,1
264069,66,RID Group,1
264070,66,Additional demographics,1
264071,66,DEM1,1
264072,66,DEM2,1
264073,66,DEM3,1
264074,66,DEM5,1
264075,66,DEM4,1
264076,66,QUALITY_SO_2_page,1
264077,66,CONTROL_page,1
264078,66,SO_CONTROL_page,1
264079,66,CONTROL2_page,1
264080,66,T1_page,1
264081,66,TEXT1_page,1
264082,66,TEXT2_page,1
264083,66,T2_page,1
264084,66,T3_page,1
264085,66,T4_page,1
264087,66,T6_page,1
264088,66,TEXT3_page,1
264089,66,T7_page,1
264090,66,T8_page,1
264091,66,TEXT4_page,1
264092,66,T9_page,1
264093,66,T10_page,1
264094,66,T11_page,1
264095,66,FILTER,1
264096,66,A1_PAGE,1
264097,66,A2_PAGE,1
264098,66,A3_PAGE,1
264099,66,A4_PAGE,1
264100,66,A5_PAGE,1
264101,66,A6_PAGE,1
264102,66,A7_PAGE,1
264103,66,A8_PAGE,1
264104,66,C1_PAGE,1
264105,66,C2_PAGE,1
264106,66,C3_PAGE,1
264107,66,C4_PAGE,1
264108,66,C5_PAGE,1
264109,66,C6_PAGE,1
264110,66,C7_PAGE,1
264138,66,C8_PAGE,1
264139,66,C9_PAGE,1
264140,66,C10_PAGE,1
264141,21,RID Group,1
264142,21,Additional demographics,1
264143,21,DEM1,1
264144,21,DEM2,1
264145,21,DEM3,1
264146,21,DEM5,1
264147,21,DEM4,1
264148,21,QUALITY_SO_2_page,1
264149,21,CONTROL_page,1
264150,21,SO_CONTROL_page,1
264151,21,CONTROL2_page,1
264152,21,T1_page,1
264153,21,TEXT1_page,1
264154,21,TEXT2_page,1
264155,21,T2_page,1
264156,21,T3_page,1
264157,21,T4_page,1
264159,21,T6_page,1
264160,21,TEXT3_page,1
264161,21,T7_page,1
264162,21,T8_page,1
264163,21,TEXT4_page,1
264164,21,T9_page,1
264165,21,T10_page,1
264166,21,T11_page,1
264167,21,FILTER_page,1
264168,21,A1_page_copy_1591280262,1
264169,21,A2_page_copy_1591280262,1
264170,21,C8_page_copy_1591280262,1
264171,21,C1_page_copy_1591280263,1
264172,21,C7_page_copy_1591280263,1
264173,21,A7_page_copy_1591280263,1
264174,21,C10_page_copy_1591280263,1
264175,21,A8_page_copy_1591280263,1
264176,21,C4_page_copy_1591280263,1
264177,21,C6_page_copy_1591280263,1
264178,21,A6_page_copy_1591280264,1
264179,21,C5_page_copy_1591280264,1
264180,21,C2_page_copy_1591280264,1
264181,21,A3_page_copy_1591280264,1
264182,21,C3_page_copy_1591280264,1
264183,21,A4_page_copy_1591280264,1
264184,21,C9_page_copy_1591280264,1
264185,21,A5_page_copy_1591280265,1
264213,15,RID Group,1
264214,15,Additional demographics,1
264215,15,DEM1,1
264216,15,DEM2,1
264217,15,DEM3,1
264218,15,DEM4,1
264219,15,DEM5,1
264220,15,QUALITY_SO_2_page,1
264221,15,CONTROL_page,1
264222,15,SO_CONTROL_page,1
264223,15,CONTROL2_page,1
264228,15,T1_page_copy_1554470901,1
264229,15,TEXT1_page_copy_1554470901,1
264230,15,T2_page_copy_1554470901,1
264231,15,TEXT2_page_copy_1554470902,1
264232,15,T3_page_copy_1554470902,1
264233,15,T4_page_copy_1554470902,1
264235,15,T6_page_copy_1554470903,1
264236,15,TEXT3_page_copy_1554470903,1
264237,15,T7_page_copy_1554470903,1
264238,15,FILTER_page_copy_1554470904,1
264239,15,T8_page_copy_1554470904,1
264240,15,TEXT4_page_copy_1554470905,1
264241,15,T9_page_copy_1554470905,1
264242,15,T10_page_copy_1554470905,1
264243,15,T11_page_copy_1554470906,1
264268,15,A1_page,1
264269,21,RID Group,1
264269,37,RID Group,0
264270,21,Additional demographics,1
264270,37,Additional demographics,0
264271,21,DEM1,1
264271,37,DEM1,0
264272,21,DEM2,1
264272,37,DEM2,0
264273,21,DEM3,1
264273,37,DEM3,0
264274,21,DEM5,1
264274,37,DEM5,0
264275,21,DEM4,1
264275,37,DEM4,0
264276,21,QUALITY_SO_2_page,1
264276,37,QUALITY_SO_2_page,0
264277,21,CONTROL_page,1
264277,37,CONTROL_page,0
264278,21,SO_CONTROL_page,1
264278,37,SO_CONTROL_page,0
264279,21,CONTROL2_page,1
264279,37,CONTROL2_page,0
264280,21,T1_page,1
264280,37,T1_page,0
264281,21,TEXT1_page,1
264281,37,TEXT1_page,0
264282,21,TEXT2_page,1
264282,37,TEXT2_page,0
264283,21,T2_page,1
264283,37,T2_page,0
264284,21,T3_page,1
264284,37,T3_page,0
264285,21,T4_page,1
264285,37,T4_page,0
264287,21,T6_page,1
264287,37,T6_page,0
264288,21,TEXT3_page,1
264288,37,TEXT3_page,0
264289,21,T7_page,1
264289,37,T7_page,0
264290,21,T8_page,1
264290,37,T8_page,0
264291,21,TEXT4_page,1
264291,37,TEXT4_page,0
264292,21,T9_page,1
264292,37,T9_page,0
264293,21,T10_page,1
264293,37,T10_page,0
264294,21,T11_page,1
264294,37,T11_page,0
264295,21,FILTER_page,1
264295,37,FILTER_page,0
264296,21,A1_page_copy_1591338777,1
264296,37,A1_page_copy_1591338777,0
264297,21,A2_page_copy_1591338777,1
264297,37,A2_page_copy_1591338777,0
264298,21,C8_page_copy_1591338777,1
264298,37,C8_page_copy_1591338777,0
264299,21,C1_page_copy_1591338778,1
264299,37,C1_page_copy_1591338778,0
264300,21,A7_page_copy_1591338778,1
264300,37,A7_page_copy_1591338778,0
264301,21,C10_page_copy_1591338778,1
264301,37,C10_page_copy_1591338778,0
264302,21,A8_page_copy_1591338778,1
264302,37,A8_page_copy_1591338778,0
264303,21,C7_page_copy_1591338778,1
264303,37,C7_page_copy_1591338778,0
264304,21,A6_page_copy_1591338778,1
264304,37,A6_page_copy_1591338778,0
264305,21,C5_page_copy_1591338779,1
264305,37,C5_page_copy_1591338779,0
264306,21,C2_page_copy_1591338779,1
264306,37,C2_page_copy_1591338779,0
264307,21,A3_page_copy_1591338779,1
264307,37,A3_page_copy_1591338779,0
264308,21,C3_page_copy_1591338779,1
264308,37,C3_page_copy_1591338779,0
264309,21,C6_page_copy_1591338779,1
264309,37,C6_page_copy_1591338779,0
264310,21,A4_page_copy_1591338779,1
264310,37,A4_page_copy_1591338779,0
264311,21,C9_page_copy_1591338779,1
264311,37,C9_page_copy_1591338779,0
264312,21,C4_page_copy_1591338780,1
264312,37,C4_page_copy_1591338780,0
264313,21,A5_page_copy_1591338780,1
264313,37,A5_page_copy_1591338780,0
264314,15,A2_page,1
264315,15,A3_page,1
264316,15,A4_page,1
264317,15,A5_page,1
264318,15,A6_page,1
264319,15,A7_page,1
264320,15,A8_page,1
264321,15,C1_page,1
264322,21,LANGUAGE_SWITCH_page,1
264322,37,LANGUAGE_SWITCH_page,0
264323,15,C2_page,1
264324,15,C3_page,1
264325,15,C4_page,1
264326,15,C5_page,1
264327,15,C6_page,1
264328,15,C7_page,1
264329,15,C8_page,1
264330,15,C9_page,1
264331,15,C10_page,1
269561,5,RID Group,1
269562,5,Additional demographics,1
269563,5,DEM1,1
269564,5,DEM2,1
269565,5,DEM3,1
269566,5,DEM5,1
269567,5,DEM4,1
269568,5,QUALITY_SO_2_page,1
269569,5,CONTROL_page,1
269570,5,SO_CONTROL_page,1
269571,5,CONTROL2_page,1
269580,5,T1_page_copy_1591169599,1
269581,5,TEXT1_page_copy_1591169599,1
269582,5,T2_page_copy_1591169599,1
269583,5,TEXT2_page_copy_1591169599,1
269584,5,T3_page_copy_1591169599,1
269585,5,T4_page_copy_1591169599,1
269586,5,T6_page_copy_1591169599,1
269587,5,TEXT3_page_copy_1591169599,1
269588,5,T7_page_copy_1591169599,1
269589,5,FILTER_page_copy_1591169600,1
269590,5,T8_page_copy_1591169600,1
269591,5,TEXT4_page_copy_1591169600,1
269592,5,T9_page_copy_1591169600,1
269593,5,T10_page_copy_1591169600,1
269594,5,T11_page_copy_1591169600,1
269595,5,A1_page_copy_1591169600,1
269596,5,A2_page_copy_1591169600,1
269597,5,A3_page_copy_1591169601,1
269598,5,A4_page_copy_1591169601,1
269599,5,A5_page_copy_1591169601,1
269600,5,A6_page_copy_1591169601,1
269601,5,A7_page_copy_1591169601,1
269602,5,A8_page_copy_1591169601,1
269603,5,C1_page_copy_1591169601,1
269604,5,C2_page_copy_1591169601,1
269605,5,C3_page_copy_1591169601,1
269606,5,C4_page_copy_1591169601,1
269607,5,C5_page_copy_1591169601,1
269608,5,C6_page_copy_1591169602,1
269609,5,C7_page_copy_1591169602,1
269610,5,C8_page_copy_1591169602,1
269611,5,C9_page_copy_1591169602,1
269612,5,C10_page_copy_1591169602,1
269613,25,RID Group,1
269614,25,Additional demographics,1
269615,25,DEM3_page,1
269616,25,DEM4_page,1
269617,25,DEM5_page,1
269618,25,DEM9_page,1
269619,25,CONTROL2_page,1
269620,25,CONTROL_page,1
269621,25,DEM1_page,1
269622,25,DEM3_RECODE_page,1
269623,25,CONTROL_SO_page,1
269624,25,CONTROL2_SO_page,1
269625,25,DEM2_page,1
269629,25,T1_page_copy_1591017461,1
269630,25,TEXT1_page_copy_1591017461,1
269631,25,T2_page_copy_1591017461,1
269632,25,TEXT2_page_copy_1591017461,1
269633,25,T3_page_copy_1591017461,1
269634,25,T4_page_copy_1591017461,1
269635,25,T6_page_copy_1591017461,1
269636,25,TEXT3_page_copy_1591017461,1
269637,25,T7_page_copy_1591017461,1
269638,25,FILTER_page_copy_1591017462,1
269639,25,T8_page_copy_1591017462,1
269640,25,TEXT4_page_copy_1591017462,1
269641,25,T9_page_copy_1591017462,1
269642,25,T10_page_copy_1591017463,1
269643,25,T11_page_copy_1591017463,1
269644,25,A1_page_copy_1591017463,1
269645,25,A2_page_copy_1591017463,1
269646,25,A3_page_copy_1591017463,1
269647,25,A4_page_copy_1591017463,1
269648,25,A5_page_copy_1591017463,1
269649,25,A6_page_copy_1591017463,1
269650,25,A7_page_copy_1591017463,1
269651,25,A8_page_copy_1591017464,1
269652,25,C1_page_copy_1591017464,1
269653,25,C2_page_copy_1591017464,1
269654,25,C3_page_copy_1591017464,1
269655,25,C4_page_copy_1591017464,1
269656,25,C5_page_copy_1591017464,1
269657,25,C6_page_copy_1591017464,1
269658,25,C7_page_copy_1591017464,1
269659,25,C8_page_copy_1591017465,1
269660,25,C9_page_copy_1591017465,1
269661,25,C10_page_copy_1591017465,1
269662,40,RID Group,1
269663,40,Additional demographics,1
269664,40,CONTROL_page,1
269665,40,CONTROL2_page,1
269666,40,DEM1_page,1
269667,40,DEM2_page,1
269668,40,DEM3_page,1
269669,40,DEM4_page,1
269670,40,DEM5_page,1
269671,40,CONTROL_SO_page,1
269672,40,CONTROL2_SO_page,1
269676,40,T1_page_copy_1591124242,1
269677,40,TEXT1_page_copy_1591124242,1
269678,40,T2_page_copy_1591124242,1
269679,40,TEXT2_page_copy_1591124243,1
269680,40,T3_page_copy_1591124243,1
269681,40,T4_page_copy_1591124243,1
269682,40,T6_page_copy_1591124243,1
269683,40,TEXT3_page_copy_1591124243,1
269684,40,T7_page_copy_1591124243,1
269685,40,FILTER_page_copy_1591124244,1
269686,40,T8_page_copy_1591124244,1
269687,40,TEXT4_page_copy_1591124244,1
269688,40,T9_page_copy_1591124245,1
269689,40,T10_page_copy_1591124245,1
269690,40,T11_page_copy_1591124245,1
269691,40,A1_page_copy_1591124245,1
269692,40,A2_page_copy_1591124245,1
269693,40,A3_page_copy_1591124245,1
269694,40,A4_page_copy_1591124245,1
269695,40,A5_page_copy_1591124245,1
269696,40,A6_page_copy_1591124246,1
269697,40,A7_page_copy_1591124246,1
269698,40,A8_page_copy_1591124246,1
269699,40,C1_page_copy_1591124246,1
269700,40,C2_page_copy_1591124246,1
269701,40,C3_page_copy_1591124246,1
269702,40,C4_page_copy_1591124246,1
269703,40,C5_page_copy_1591124247,1
269704,40,C6_page_copy_1591124247,1
269705,40,C7_page_copy_1591124247,1
269706,40,C8_page_copy_1591124247,1
269707,40,C9_page_copy_1591124247,1
269708,40,C10_page_copy_1591124247,1
269709,69,Control_page,1
269710,69,Screen out,1
269711,69,DEM1_page,1
269712,69,DEM2_page,1
269713,69,DEM3_page,1
269714,69,DEM4_page,1
269715,69,DEM5_page,1
269716,69,RID Group,1
269717,69,Additional demographics,1
269718,69,Q10 page,1
269719,69,Q11 page,1
269720,69,QUOTA1 page,1
269721,69,QUOTA2 page,1
269722,69,QUOTA3 page,1
269723,69,QUOTA4 page,1
269724,69,QUOTA5 page,1
269725,69,QUOTA6 page,1
269726,69,QUOTA7 page,1
269727,69,QUOTA8 page,1
269728,69,QUOTA9 page,1
269729,69,QUOTA10 page,1
269751,69,T1_page_copy_1591014259,1
269752,69,TEXT1_page_copy_1591014259,1
269753,69,T2_page_copy_1591014259,1
269754,69,TEXT2_page_copy_1591014259,1
269755,69,T3_page_copy_1591014259,1
269756,69,T4_page_copy_1591014260,1
269757,69,T6_page_copy_1591014260,1
269758,69,TEXT3_page_copy_1591014260,1
269759,69,T7_page_copy_1591014260,1
269760,69,FILTER_page_copy_1591014260,1
269761,69,T8_page_copy_1591014261,1
269762,69,TEXT4_page_copy_1591014261,1
269763,69,T9_page_copy_1591014261,1
269764,69,T10_page_copy_1591014261,1
269765,69,T11_page_copy_1591014261,1
269766,69,A1_page_copy_1591014261,1
269767,69,A2_page_copy_1591014261,1
269768,69,A3_page_copy_1591014262,1
269769,69,A4_page_copy_1591014262,1
269770,69,A5_page_copy_1591014262,1
269771,69,A6_page_copy_1591014262,1
269772,69,A7_page_copy_1591014262,1
269773,69,A8_page_copy_1591014262,1
269774,69,C1_page_copy_1591014262,1
269775,69,C2_page_copy_1591014262,1
269776,69,C3_page_copy_1591014262,1
269777,69,C4_page_copy_1591014263,1
269778,69,C5_page_copy_1591014263,1
269779,69,C6_page_copy_1591014263,1
269780,69,C7_page_copy_1591014263,1
269781,69,C8_page_copy_1591014263,1
269782,69,C9_page_copy_1591014263,1
269783,69,C10_page_copy_1591014263,1
269784,27,RID Group,1
269785,27,Additional demographics,1
269786,27,DEM1,1
269787,27,DEM2,1
269788,27,DEM3,1
269789,27,DEM4,1
269790,27,DEM5,1
269791,27,QUALITY_SO_2_page,1
269792,27,CONTROL_page,1
269793,27,SO_CONTROL_page,1
269794,27,CONTROL2_page,1
269795,27,SO_CONTROL2_page,1
269800,27,T1_page_copy_1591020661,1
269801,27,TEXT1_page_copy_1591020662,1
269802,27,T2_page_copy_1591020662,1
269803,27,TEXT2_page_copy_1591020662,1
269804,27,T3_page_copy_1591020662,1
269805,27,T4_page_copy_1591020662,1
269806,27,T6_page_copy_1591020662,1
269807,27,TEXT3_page_copy_1591020662,1
269808,27,T7_page_copy_1591020662,1
269809,27,FILTER_page_copy_1591020663,1
269810,27,T8_page_copy_1591020663,1
269811,27,TEXT4_page_copy_1591020663,1
269812,27,T9_page_copy_1591020663,1
269813,27,T10_page_copy_1591020663,1
269814,27,T11_page_copy_1591020664,1
269815,27,A1_PAGE_copy_1591020664,1
269816,27,A2_PAGE_copy_1591020664,1
269817,27,A3_PAGE_copy_1591020664,1
269818,27,A4_PAGE_copy_1591020664,1
269819,27,A5_PAGE_copy_1591020664,1
269820,27,A6_PAGE_copy_1591020664,1
269821,27,A7_PAGE_copy_1591020664,1
269822,27,A8_PAGE_copy_1591020664,1
269823,27,C1_PAGE_copy_1591020665,1
269824,27,C2_PAGE_copy_1591020665,1
269825,27,C3_PAGE_copy_1591020665,1
269826,27,C4_PAGE_copy_1591020665,1
269827,27,C5_PAGE_copy_1591020665,1
269828,27,C6_PAGE_copy_1591020665,1
269829,27,C7_PAGE_copy_1591020665,1
269830,27,C8_PAGE_copy_1591020665,1
269831,27,C9_PAGE_copy_1591020665,1
269832,27,C10_PAGE_copy_1591020666,1
269836,52,Control_page,1
269837,52,Screen out,1
269838,52,DEM1_page,1
269839,52,DEM2_page,1
269840,52,DEM3_page,1
269841,52,DEM4_page,1
269842,52,DEM5_page,1
269843,52,RID Group,1
269844,52,Additional demographics,1
269845,52,QUALITY_SO_2_page,1
269846,52,CONTROL2_page,1
269851,52,DEM2_age_page,1
269862,52,T1_page_copy_1590765170,1
269863,52,TEXT1_page_copy_1590765170,1
269864,52,T2_page_copy_1590765170,1
269865,52,TEXT2_page_copy_1590765170,1
269866,52,T3_page_copy_1590765170,1
269867,52,T4_page_copy_1590765170,1
269868,52,T6_page_copy_1590765170,1
269869,52,TEXT3_page_copy_1590765170,1
269870,52,T7_page_copy_1590765171,1
269871,52,FILTER_page_copy_1590765171,1
269872,52,T8_page_copy_1590765171,1
269873,52,TEXT4_page_copy_1590765172,1
269874,52,T9_page_copy_1590765172,1
269875,52,T10_page_copy_1590765172,1
269876,52,T11_page_copy_1590765172,1
269877,52,A1_page_copy_1590765172,1
269878,52,A2_page_copy_1590765172,1
269879,52,A3_page_copy_1590765172,1
269880,52,A4_page_copy_1590765172,1
269881,52,A5_page_copy_1590765172,1
269882,52,A6_page_copy_1590765172,1
269883,52,A7_page_copy_1590765172,1
269884,52,A8_page_copy_1590765173,1
269885,52,C1_page_copy_1590765173,1
269886,52,C2_page_copy_1590765173,1
269887,52,C3_page_copy_1590765173,1
269888,52,C4_page_copy_1590765173,1
269889,52,C5_page_copy_1590765173,1
269890,52,C6_page_copy_1590765173,1
269891,52,C7_page_copy_1590765173,1
269892,52,C8_page_copy_1590765174,1
269893,52,C9_page_copy_1590765174,1
269894,52,C10_page_copy_1590765174,1
269895,66,RID Group,1
269896,66,Additional demographics,1
269897,66,DEM1_page,1
269898,66,DEM2_page,1
269899,66,DEM3_page,1
269900,66,DEM5_page,1
269901,66,CONTROL_page,1
269902,66,CONTROL2_page,1
269903,66,CONTROL_SO_page,1
269904,66,CONTROL2_SO_page,1
269908,66,T1_page_copy_1591082403,1
269909,66,TEXT1_page_copy_1591082404,1
269910,66,T2_page_copy_1591082404,1
269911,66,TEXT2_page_copy_1591082404,1
269912,66,T3_page_copy_1591082404,1
269913,66,T4_page_copy_1591082404,1
269914,66,T6_page_copy_1591082404,1
269915,66,TEXT3_page_copy_1591082404,1
269916,66,T7_page_copy_1591082404,1
269917,66,FILTER_copy_1591082405,1
269918,66,T8_page_copy_1591082405,1
269919,66,TEXT4_page_copy_1591082405,1
269920,66,T9_page_copy_1591082405,1
269921,66,T10_page_copy_1591082405,1
269922,66,T11_page_copy_1591082405,1
269923,66,A1_PAGE_copy_1591082406,1
269924,66,A2_PAGE_copy_1591082406,1
269925,66,A3_PAGE_copy_1591082406,1
269926,66,A4_PAGE_copy_1591082406,1
269927,66,A5_PAGE_copy_1591082406,1
269928,66,A6_PAGE_copy_1591082406,1
269929,66,A7_PAGE_copy_1591082406,1
269930,66,A8_PAGE_copy_1591082406,1
269931,66,C1_PAGE_copy_1591082406,1
269932,66,C2_PAGE_copy_1591082407,1
269933,66,C3_PAGE_copy_1591082407,1
269934,66,C4_PAGE_copy_1591082407,1
269935,66,C5_PAGE_copy_1591082407,1
269936,66,C6_PAGE_copy_1591082407,1
269937,66,C7_PAGE_copy_1591082407,1
269938,66,C8_PAGE_copy_1591082407,1
269939,66,C9_PAGE_copy_1591082407,1
269940,66,C10_PAGE_copy_1591082408,1
269941,18,RID Group,1
269942,18,Additional demographics,1
269943,18,DEM1_page,1
269944,18,DEM2_page,1
269945,18,DEM3_page,1
269946,18,DEM5_page,1
269947,18,CONTROL_page,1
269948,18,CONTROL2_page,1
269949,18,CONTROL_SO_page,1
269950,18,CONTROL2_SO_page,1
269954,18,T1_page_copy_1591082403,1
269955,18,TEXT1_page_copy_1591082404,1
269956,18,T2_page_copy_1591082404,1
269957,18,TEXT2_page_copy_1591082404,1
269958,18,T3_page_copy_1591082404,1
269959,18,T4_page_copy_1591082404,1
269960,18,T6_page_copy_1591082404,1
269961,18,TEXT3_page_copy_1591082404,1
269962,18,T7_page_copy_1591082404,1
269963,18,FILTER_copy_1591082405,1
269964,18,T8_page_copy_1591082405,1
269965,18,TEXT4_page_copy_1591082405,1
269966,18,T9_page_copy_1591082405,1
269967,18,T10_page_copy_1591082405,1
269968,18,T11_page_copy_1591082405,1
269969,18,A1_PAGE_copy_1591082406,1
269970,18,A2_PAGE_copy_1591082406,1
269971,18,A3_PAGE_copy_1591082406,1
269972,18,A4_PAGE_copy_1591082406,1
269973,18,A5_PAGE_copy_1591082406,1
269974,18,A6_PAGE_copy_1591082406,1
269975,18,A7_PAGE_copy_1591082406,1
269976,18,A8_PAGE_copy_1591082406,1
269977,18,C1_PAGE_copy_1591082406,1
269978,18,C2_PAGE_copy_1591082407,1
269979,18,C3_PAGE_copy_1591082407,1
269980,18,C4_PAGE_copy_1591082407,1
269981,18,C5_PAGE_copy_1591082407,1
269982,18,C6_PAGE_copy_1591082407,1
269983,18,C7_PAGE_copy_1591082407,1
269984,18,C8_PAGE_copy_1591082407,1
269985,18,C9_PAGE_copy_1591082407,1
269986,18,C10_PAGE_copy_1591082408,1
269987,18,RID Group,1
269988,18,Additional demographics,1
269989,18,DEM1,1
269990,18,DEM2,1
269991,18,DEM3,1
269992,18,DEM4,1
269993,18,DEM5,1
269994,18,DEM6,1
269995,18,DEM7,1
269996,18,QUALITY_SO_2,1
269997,18,CONTROL_page,1
269998,18,SO_CONTROL_page,1
269999,18,CONTROL2_page,1
270006,18,T1_page_copy_1590767805,1
270007,18,TEXT1_page_copy_1590767805,1
270008,18,T2_page_copy_1590767805,1
270009,18,TEXT2_page_copy_1590767805,1
270010,18,T3_page_copy_1590767805,1
270011,18,T4_page_copy_1590767805,1
270012,18,T6_page_copy_1590767805,1
270013,18,TEXT3_page_copy_1590767805,1
270014,18,T7_page_copy_1590767806,1
270015,18,FILTER_page_copy_1590767806,1
270016,18,T8_page_copy_1590767806,1
270017,18,TEXT4_page_copy_1590767806,1
270018,18,T9_page_copy_1590767806,1
270019,18,T10_page_copy_1590767807,1
270020,18,T11_page_copy_1590767807,1
270021,18,A1_page_copy_1590767807,1
270022,18,A2_page_copy_1590767807,1
270023,18,A3_page_copy_1590767807,1
270024,18,A4_page_copy_1590767807,1
270025,18,A5_page_copy_1590767807,1
270026,18,A6_page_copy_1590767807,1
270027,18,A7_page_copy_1590767807,1
270028,18,A8_page_copy_1590767808,1
270029,18,C1_page_copy_1590767808,1
270030,18,C2_page_copy_1590767808,1
270031,18,C3_page_copy_1590767808,1
270032,18,C4_page_copy_1590767808,1
270033,18,C5_page_copy_1590767808,1
270034,18,C6_page_copy_1590767808,1
270035,18,C7_page_copy_1590767808,1
270036,18,C8_page_copy_1590767808,1
270037,18,C9_page_copy_1590767809,1
270038,18,C10_page_copy_1590767809,1
