"id","survey_id","sort_order","updated_at"
173032,58513,0,"2020-06-17 10:24:07.0"
173033,58513,1,"2020-06-17 10:24:07.0"
173034,58513,5,"2020-06-17 10:24:08.0"
173035,58513,6,"2020-06-17 10:24:08.0"
173036,58513,8,"2020-06-17 10:24:08.0"
173037,58513,10,"2020-06-17 10:24:08.0"
173038,58513,9,"2020-06-17 10:24:08.0"
173039,58513,7,"2020-06-17 10:24:08.0"
173040,58513,2,"2020-06-17 10:24:07.0"
173041,58513,3,"2020-06-17 10:24:07.0"
173042,58513,4,"2020-06-17 10:24:08.0"
173043,58513,11,"2020-06-17 10:24:08.0"
173044,58513,12,"2020-06-17 10:24:08.0"
173045,58513,14,"2020-06-17 10:24:08.0"
173046,58513,13,"2020-06-17 10:24:08.0"
173047,58513,15,"2020-06-17 10:24:08.0"
173048,58513,16,"2020-06-17 10:24:08.0"
173049,58513,17,"2020-06-17 10:24:08.0"
173050,58513,18,"2020-06-17 10:24:08.0"
173051,58513,19,"2020-06-17 10:24:08.0"
173052,58513,20,"2020-06-17 10:24:08.0"
173053,58513,22,"2020-06-17 10:24:08.0"
173054,58513,23,"2020-06-17 10:24:08.0"
173055,58513,24,"2020-06-17 10:24:08.0"
173056,58513,25,"2020-06-17 10:24:08.0"
173057,58513,26,"2020-06-17 10:24:08.0"
173058,58513,21,"2020-06-17 10:24:08.0"
173059,77941,0,"2020-06-17 10:24:10.0"
173060,77941,1,"2020-06-17 10:24:10.0"
173061,77941,5,"2020-06-17 10:24:10.0"
173062,77941,6,"2020-06-17 10:24:10.0"
173063,77941,8,"2020-06-17 10:24:10.0"
173064,77941,9,"2020-06-17 10:24:10.0"
173065,77941,10,"2020-06-17 10:24:10.0"
173066,77941,7,"2020-06-17 10:24:10.0"
173067,77941,2,"2020-06-17 10:24:10.0"
173068,77941,3,"2020-06-17 10:24:10.0"
173069,77941,4,"2020-06-17 10:24:10.0"
173070,77941,11,"2020-06-17 10:24:10.0"
173071,77941,12,"2020-06-17 10:24:10.0"
173072,77941,14,"2020-06-17 10:24:10.0"
173073,77941,13,"2020-06-17 10:24:10.0"
173074,77941,15,"2020-06-17 10:24:10.0"
173075,77941,16,"2020-06-17 10:24:10.0"
173076,77941,17,"2020-06-17 10:24:10.0"
173077,77941,18,"2020-06-17 10:24:10.0"
173078,77941,19,"2020-06-17 10:24:10.0"
173079,77941,20,"2020-06-17 10:24:10.0"
173080,77941,22,"2020-06-17 10:24:10.0"
173081,77941,23,"2020-06-17 10:24:10.0"
173082,77941,24,"2020-06-17 10:24:10.0"
173083,77941,25,"2020-06-17 10:24:10.0"
173084,77941,26,"2020-06-17 10:24:10.0"
173085,77941,21,"2020-06-17 10:24:10.0"
173086,78577,2,"2020-06-17 10:24:14.0"
173087,78577,0,"2020-06-17 10:24:14.0"
173088,78577,5,"2020-06-17 10:24:14.0"
173089,78577,6,"2020-06-17 10:24:14.0"
173090,78577,8,"2020-06-17 10:24:14.0"
173091,78577,10,"2020-06-17 10:24:14.0"
173092,78577,9,"2020-06-17 10:24:14.0"
173093,78577,7,"2020-06-17 10:24:14.0"
173094,78577,1,"2020-06-17 10:24:14.0"
173095,78577,3,"2020-06-17 10:24:14.0"
173096,78577,4,"2020-06-17 10:24:14.0"
173097,78577,11,"2020-06-17 10:24:14.0"
173098,78577,12,"2020-06-17 10:24:14.0"
173099,78577,14,"2020-06-17 10:24:14.0"
173100,78577,13,"2020-06-17 10:24:14.0"
173101,78577,15,"2020-06-17 10:24:14.0"
173102,78577,16,"2020-06-17 10:24:14.0"
173103,78577,17,"2020-06-17 10:24:14.0"
173104,78577,18,"2020-06-17 10:24:14.0"
173105,78577,19,"2020-06-17 10:24:14.0"
173106,78577,20,"2020-06-17 10:24:14.0"
173107,78577,22,"2020-06-17 10:24:14.0"
173108,78577,23,"2020-06-17 10:24:14.0"
173109,78577,24,"2020-06-17 10:24:14.0"
173110,78577,25,"2020-06-17 10:24:14.0"
173111,78577,26,"2020-06-17 10:24:14.0"
173112,78577,21,"2020-06-17 10:24:14.0"
173113,13717,2,"2020-06-17 10:24:16.0"
173114,13717,0,"2020-06-17 10:24:16.0"
173115,13717,5,"2020-06-17 10:24:16.0"
173116,13717,6,"2020-06-17 10:24:16.0"
173117,13717,8,"2020-06-17 10:24:16.0"
173118,13717,10,"2020-06-17 10:24:16.0"
173119,13717,9,"2020-06-17 10:24:16.0"
173120,13717,7,"2020-06-17 10:24:16.0"
173121,13717,1,"2020-06-17 10:24:16.0"
173122,13717,3,"2020-06-17 10:24:16.0"
173123,13717,4,"2020-06-17 10:24:16.0"
173124,13717,11,"2020-06-17 10:24:16.0"
173125,13717,12,"2020-06-17 10:24:16.0"
173126,13717,14,"2020-06-17 10:24:17.0"
173127,13717,13,"2020-06-17 10:24:17.0"
173128,13717,15,"2020-06-17 10:24:17.0"
173129,13717,16,"2020-06-17 10:24:17.0"
173130,13717,17,"2020-06-17 10:24:17.0"
173131,13717,18,"2020-06-17 10:24:17.0"
173132,13717,19,"2020-06-17 10:24:17.0"
173133,13717,20,"2020-06-17 10:24:17.0"
173134,13717,22,"2020-06-17 10:24:17.0"
173135,13717,23,"2020-06-17 10:24:17.0"
173136,13717,24,"2020-06-17 10:24:17.0"
173137,13717,25,"2020-06-17 10:24:17.0"
173138,13717,26,"2020-06-17 10:24:17.0"
173139,13717,21,"2020-06-17 10:24:17.0"
173223,67338,2,"2020-06-17 10:23:19.0"
173224,67338,0,"2020-06-17 10:23:18.0"
173225,67338,5,"2020-06-17 10:23:19.0"
173226,67338,6,"2020-06-17 10:23:19.0"
173227,67338,8,"2020-06-17 10:23:19.0"
173228,67338,10,"2020-06-17 10:23:19.0"
173229,67338,9,"2020-06-17 10:23:19.0"
173230,67338,7,"2020-06-17 10:23:19.0"
173231,67338,1,"2020-06-17 10:23:18.0"
173232,67338,3,"2020-06-17 10:23:19.0"
173233,67338,4,"2020-06-17 10:23:19.0"
173234,67338,11,"2020-06-17 10:23:19.0"
173235,67338,12,"2020-06-17 10:23:19.0"
173236,67338,14,"2020-06-17 10:23:19.0"
173237,67338,13,"2020-06-17 10:23:19.0"
173238,67338,15,"2020-06-17 10:23:19.0"
173239,67338,16,"2020-06-17 10:23:19.0"
173240,67338,17,"2020-06-17 10:23:19.0"
173241,67338,18,"2020-06-17 10:23:19.0"
173242,67338,19,"2020-06-17 10:23:19.0"
173243,67338,20,"2020-06-17 10:23:19.0"
173244,67338,22,"2020-06-17 10:23:19.0"
173245,67338,23,"2020-06-17 10:23:19.0"
173246,67338,24,"2020-06-17 10:23:19.0"
173247,67338,25,"2020-06-17 10:23:19.0"
173248,67338,26,"2020-06-17 10:23:19.0"
173249,67338,21,"2020-06-17 10:23:19.0"
173250,55815,0,"2020-06-17 10:23:21.0"
173251,55815,1,"2020-06-17 10:23:21.0"
173252,55815,5,"2020-06-17 10:23:21.0"
173253,55815,6,"2020-06-17 10:23:21.0"
173254,55815,8,"2020-06-17 10:23:21.0"
173255,55815,10,"2020-06-17 10:23:21.0"
173256,55815,9,"2020-06-17 10:23:21.0"
173257,55815,7,"2020-06-17 10:23:21.0"
173258,55815,2,"2020-06-17 10:23:21.0"
173259,55815,3,"2020-06-17 10:23:21.0"
173260,55815,4,"2020-06-17 10:23:21.0"
173261,55815,11,"2020-06-17 10:23:21.0"
173262,55815,12,"2020-06-17 10:23:21.0"
173263,55815,14,"2020-06-17 10:23:21.0"
173264,55815,13,"2020-06-17 10:23:21.0"
173265,55815,15,"2020-06-17 10:23:21.0"
173266,55815,16,"2020-06-17 10:23:21.0"
173267,55815,17,"2020-06-17 10:23:21.0"
173268,55815,18,"2020-06-17 10:23:21.0"
173269,55815,19,"2020-06-17 10:23:21.0"
173270,55815,20,"2020-06-17 10:23:21.0"
173271,55815,22,"2020-06-17 10:23:21.0"
173272,55815,23,"2020-06-17 10:23:21.0"
173273,55815,24,"2020-06-17 10:23:21.0"
173274,55815,25,"2020-06-17 10:23:21.0"
173275,55815,26,"2020-06-17 10:23:21.0"
173276,55815,21,"2020-06-17 10:23:21.0"
173304,92859,0,"2020-06-17 10:23:23.0"
173305,92859,1,"2020-06-17 10:23:23.0"
173306,92859,5,"2020-06-17 10:23:23.0"
173307,92859,6,"2020-06-17 10:23:23.0"
173308,92859,8,"2020-06-17 10:23:23.0"
173309,92859,10,"2020-06-17 10:23:23.0"
173310,92859,9,"2020-06-17 10:23:23.0"
173311,92859,7,"2020-06-17 10:23:23.0"
173312,92859,2,"2020-06-17 10:23:23.0"
173313,92859,3,"2020-06-17 10:23:23.0"
173314,92859,4,"2020-06-17 10:23:23.0"
173315,92859,11,"2020-06-17 10:23:23.0"
173316,92859,12,"2020-06-17 10:23:23.0"
173317,92859,14,"2020-06-17 10:23:23.0"
173318,92859,13,"2020-06-17 10:23:23.0"
173319,92859,15,"2020-06-17 10:23:23.0"
173320,92859,16,"2020-06-17 10:23:23.0"
173321,92859,17,"2020-06-17 10:23:23.0"
173322,92859,18,"2020-06-17 10:23:23.0"
173323,92859,19,"2020-06-17 10:23:23.0"
173324,92859,20,"2020-06-17 10:23:23.0"
173325,92859,22,"2020-06-17 10:23:23.0"
173326,92859,23,"2020-06-17 10:23:23.0"
173327,92859,24,"2020-06-17 10:23:23.0"
173328,92859,25,"2020-06-17 10:23:23.0"
173329,92859,26,"2020-06-17 10:23:23.0"
173330,92859,21,"2020-06-17 10:23:23.0"
173331,46887,0,"2020-06-17 10:23:27.0"
173332,46887,1,"2020-06-17 10:23:27.0"
173333,46887,5,"2020-06-17 10:23:27.0"
173334,46887,6,"2020-06-17 10:23:27.0"
173335,46887,8,"2020-06-17 10:23:27.0"
173336,46887,10,"2020-06-17 10:23:27.0"
173337,46887,9,"2020-06-17 10:23:27.0"
173338,46887,7,"2020-06-17 10:23:27.0"
173339,46887,2,"2020-06-17 10:23:27.0"
173340,46887,3,"2020-06-17 10:23:27.0"
173341,46887,4,"2020-06-17 10:23:27.0"
173342,46887,11,"2020-06-17 10:23:27.0"
173343,46887,12,"2020-06-17 10:23:27.0"
173344,46887,14,"2020-06-17 10:23:27.0"
173345,46887,13,"2020-06-17 10:23:27.0"
173346,46887,15,"2020-06-17 10:23:27.0"
173347,46887,16,"2020-06-17 10:23:27.0"
173348,46887,17,"2020-06-17 10:23:27.0"
173349,46887,18,"2020-06-17 10:23:27.0"
173350,46887,19,"2020-06-17 10:23:27.0"
173351,46887,20,"2020-06-17 10:23:27.0"
173352,46887,22,"2020-06-17 10:23:27.0"
173353,46887,23,"2020-06-17 10:23:27.0"
173354,46887,24,"2020-06-17 10:23:27.0"
173355,46887,25,"2020-06-17 10:23:27.0"
173356,46887,26,"2020-06-17 10:23:27.0"
173357,46887,21,"2020-06-17 10:23:27.0"
173398,73559,0,"2020-06-17 10:23:30.0"
173399,73559,1,"2020-06-17 10:23:30.0"
173400,73559,5,"2020-06-17 10:23:30.0"
173401,73559,6,"2020-06-17 10:23:30.0"
173402,73559,8,"2020-06-17 10:23:30.0"
173403,73559,10,"2020-06-17 10:23:31.0"
173404,73559,9,"2020-06-17 10:23:31.0"
173405,73559,7,"2020-06-17 10:23:30.0"
173406,73559,2,"2020-06-17 10:23:30.0"
173407,73559,3,"2020-06-17 10:23:30.0"
173408,73559,4,"2020-06-17 10:23:30.0"
173409,73559,11,"2020-06-17 10:23:31.0"
173410,73559,12,"2020-06-17 10:23:31.0"
173411,73559,14,"2020-06-17 10:23:31.0"
173412,73559,13,"2020-06-17 10:23:31.0"
173413,73559,15,"2020-06-17 10:23:31.0"
173414,73559,16,"2020-06-17 10:23:31.0"
173415,73559,17,"2020-06-17 10:23:31.0"
173416,73559,18,"2020-06-17 10:23:31.0"
173417,73559,19,"2020-06-17 10:23:31.0"
173418,73559,20,"2020-06-17 10:23:31.0"
173419,73559,22,"2020-06-17 10:23:31.0"
173420,73559,23,"2020-06-17 10:23:31.0"
173421,73559,24,"2020-06-17 10:23:31.0"
173422,73559,25,"2020-06-17 10:23:31.0"
173423,73559,26,"2020-06-17 10:23:31.0"
173424,73559,21,"2020-06-17 10:23:31.0"
173425,92794,0,"2020-06-17 10:23:33.0"
173426,92794,1,"2020-06-17 10:23:33.0"
173427,92794,5,"2020-06-17 10:23:33.0"
173428,92794,6,"2020-06-17 10:23:33.0"
173429,92794,8,"2020-06-17 10:23:33.0"
173430,92794,10,"2020-06-17 10:23:33.0"
173431,92794,9,"2020-06-17 10:23:33.0"
173432,92794,7,"2020-06-17 10:23:33.0"
173433,92794,2,"2020-06-17 10:23:33.0"
173434,92794,3,"2020-06-17 10:23:33.0"
173435,92794,4,"2020-06-17 10:23:33.0"
173436,92794,11,"2020-06-17 10:23:33.0"
173437,92794,12,"2020-06-17 10:23:33.0"
173438,92794,14,"2020-06-17 10:23:33.0"
173439,92794,13,"2020-06-17 10:23:33.0"
173440,92794,15,"2020-06-17 10:23:33.0"
173441,92794,16,"2020-06-17 10:23:33.0"
173442,92794,17,"2020-06-17 10:23:33.0"
173443,92794,18,"2020-06-17 10:23:33.0"
173444,92794,19,"2020-06-17 10:23:33.0"
173445,92794,20,"2020-06-17 10:23:33.0"
173446,92794,22,"2020-06-17 10:23:33.0"
173447,92794,23,"2020-06-17 10:23:33.0"
173448,92794,24,"2020-06-17 10:23:33.0"
173449,92794,25,"2020-06-17 10:23:33.0"
173450,92794,26,"2020-06-17 10:23:33.0"
173451,92794,21,"2020-06-17 10:23:33.0"
173452,24571,0,"2020-06-17 10:23:35.0"
173453,24571,1,"2020-06-17 10:23:35.0"
173454,24571,5,"2020-06-17 10:23:36.0"
173455,24571,6,"2020-06-17 10:23:36.0"
173456,24571,8,"2020-06-17 10:23:36.0"
173457,24571,10,"2020-06-17 10:23:36.0"
173458,24571,9,"2020-06-17 10:23:36.0"
173459,24571,7,"2020-06-17 10:23:36.0"
173460,24571,2,"2020-06-17 10:23:36.0"
173461,24571,3,"2020-06-17 10:23:36.0"
173462,24571,4,"2020-06-17 10:23:36.0"
173463,24571,11,"2020-06-17 10:23:36.0"
173464,24571,12,"2020-06-17 10:23:36.0"
173465,24571,14,"2020-06-17 10:23:36.0"
173466,24571,13,"2020-06-17 10:23:36.0"
173467,24571,15,"2020-06-17 10:23:36.0"
173468,24571,16,"2020-06-17 10:23:36.0"
173469,24571,17,"2020-06-17 10:23:36.0"
173470,24571,18,"2020-06-17 10:23:36.0"
173471,24571,19,"2020-06-17 10:23:36.0"
173472,24571,20,"2020-06-17 10:23:36.0"
173473,24571,22,"2020-06-17 10:23:36.0"
173474,24571,23,"2020-06-17 10:23:36.0"
173475,24571,24,"2020-06-17 10:23:36.0"
173476,24571,25,"2020-06-17 10:23:36.0"
173477,24571,26,"2020-06-17 10:23:36.0"
173478,24571,21,"2020-06-17 10:23:36.0"
173533,43238,0,"2020-06-17 10:23:38.0"
173534,43238,1,"2020-06-17 10:23:38.0"
173535,43238,5,"2020-06-17 10:23:38.0"
173536,43238,6,"2020-06-17 10:23:38.0"
173537,43238,8,"2020-06-17 10:23:38.0"
173538,43238,10,"2020-06-17 10:23:38.0"
173539,43238,9,"2020-06-17 10:23:38.0"
173540,43238,7,"2020-06-17 10:23:38.0"
173541,43238,2,"2020-06-17 10:23:38.0"
173542,43238,3,"2020-06-17 10:23:38.0"
173543,43238,4,"2020-06-17 10:23:38.0"
173544,43238,11,"2020-06-17 10:23:38.0"
173545,43238,12,"2020-06-17 10:23:38.0"
173546,43238,14,"2020-06-17 10:23:38.0"
173547,43238,13,"2020-06-17 10:23:38.0"
173548,43238,15,"2020-06-17 10:23:38.0"
173549,43238,16,"2020-06-17 10:23:38.0"
173550,43238,17,"2020-06-17 10:23:38.0"
173551,43238,18,"2020-06-17 10:23:38.0"
173552,43238,19,"2020-06-17 10:23:38.0"
173553,43238,20,"2020-06-17 10:23:38.0"
173554,43238,22,"2020-06-17 10:23:38.0"
173555,43238,23,"2020-06-17 10:23:38.0"
173556,43238,24,"2020-06-17 10:23:38.0"
173557,43238,25,"2020-06-17 10:23:38.0"
173558,43238,26,"2020-06-17 10:23:38.0"
173559,43238,21,"2020-06-17 10:23:38.0"
173560,16656,0,"2020-06-17 10:23:40.0"
173561,16656,1,"2020-06-17 10:23:40.0"
173562,16656,5,"2020-06-17 10:23:40.0"
173563,16656,6,"2020-06-17 10:23:40.0"
173564,16656,8,"2020-06-17 10:23:40.0"
173565,16656,10,"2020-06-17 10:23:40.0"
173566,16656,9,"2020-06-17 10:23:40.0"
173567,16656,7,"2020-06-17 10:23:40.0"
173568,16656,2,"2020-06-17 10:23:40.0"
173569,16656,3,"2020-06-17 10:23:40.0"
173570,16656,4,"2020-06-17 10:23:40.0"
173571,16656,11,"2020-06-17 10:23:40.0"
173572,16656,12,"2020-06-17 10:23:40.0"
173573,16656,14,"2020-06-17 10:23:40.0"
173574,16656,13,"2020-06-17 10:23:40.0"
173575,16656,15,"2020-06-17 10:23:40.0"
173576,16656,16,"2020-06-17 10:23:41.0"
173577,16656,17,"2020-06-17 10:23:41.0"
173578,16656,18,"2020-06-17 10:23:41.0"
173579,16656,19,"2020-06-17 10:23:41.0"
173580,16656,20,"2020-06-17 10:23:41.0"
173581,16656,22,"2020-06-17 10:23:41.0"
173582,16656,23,"2020-06-17 10:23:41.0"
173583,16656,24,"2020-06-17 10:23:41.0"
173584,16656,25,"2020-06-17 10:23:41.0"
173585,16656,26,"2020-06-17 10:23:41.0"
173586,16656,21,"2020-06-17 10:23:41.0"
173614,91992,0,"2020-06-17 10:23:43.0"
173615,91992,1,"2020-06-17 10:23:43.0"
173616,91992,5,"2020-06-17 10:23:43.0"
173617,91992,6,"2020-06-17 10:23:43.0"
173618,91992,8,"2020-06-17 10:23:43.0"
173619,91992,10,"2020-06-17 10:23:43.0"
173620,91992,9,"2020-06-17 10:23:43.0"
173621,91992,7,"2020-06-17 10:23:43.0"
173622,91992,2,"2020-06-17 10:23:43.0"
173623,91992,3,"2020-06-17 10:23:43.0"
173624,91992,4,"2020-06-17 10:23:43.0"
173625,91992,11,"2020-06-17 10:23:43.0"
173626,91992,12,"2020-06-17 10:23:43.0"
173627,91992,14,"2020-06-17 10:23:43.0"
173628,91992,13,"2020-06-17 10:23:43.0"
173629,91992,15,"2020-06-17 10:23:43.0"
173630,91992,16,"2020-06-17 10:23:43.0"
173631,91992,17,"2020-06-17 10:23:43.0"
173632,91992,18,"2020-06-17 10:23:43.0"
173633,91992,19,"2020-06-17 10:23:43.0"
173634,91992,20,"2020-06-17 10:23:43.0"
173635,91992,22,"2020-06-17 10:23:43.0"
173636,91992,23,"2020-06-17 10:23:43.0"
173637,91992,24,"2020-06-17 10:23:43.0"
173638,91992,25,"2020-06-17 10:23:43.0"
173639,91992,26,"2020-06-17 10:23:43.0"
173640,91992,21,"2020-06-17 10:23:43.0"
173641,58372,0,"2020-06-17 10:23:47.0"
173642,58372,1,"2020-06-17 10:23:47.0"
173643,58372,5,"2020-06-17 10:23:47.0"
173644,58372,6,"2020-06-17 10:23:47.0"
173645,58372,8,"2020-06-17 10:23:47.0"
173646,58372,10,"2020-06-17 10:23:47.0"
173647,58372,9,"2020-06-17 10:23:47.0"
173648,58372,7,"2020-06-17 10:23:47.0"
173649,58372,2,"2020-06-17 10:23:47.0"
173650,58372,3,"2020-06-17 10:23:47.0"
173651,58372,4,"2020-06-17 10:23:47.0"
173652,58372,11,"2020-06-17 10:23:47.0"
173653,58372,12,"2020-06-17 10:23:47.0"
173654,58372,14,"2020-06-17 10:23:47.0"
173655,58372,13,"2020-06-17 10:23:47.0"
173656,58372,15,"2020-06-17 10:23:47.0"
173657,58372,16,"2020-06-17 10:23:47.0"
173658,58372,17,"2020-06-17 10:23:47.0"
173659,58372,18,"2020-06-17 10:23:47.0"
173660,58372,19,"2020-06-17 10:23:47.0"
173661,58372,20,"2020-06-17 10:23:47.0"
173662,58372,22,"2020-06-17 10:23:47.0"
173663,58372,23,"2020-06-17 10:23:47.0"
173664,58372,24,"2020-06-17 10:23:47.0"
173665,58372,25,"2020-06-17 10:23:47.0"
173666,58372,26,"2020-06-17 10:23:47.0"
173667,58372,21,"2020-06-17 10:23:47.0"
173668,53973,0,"2020-06-17 10:23:50.0"
173669,53973,1,"2020-06-17 10:23:50.0"
173670,53973,5,"2020-06-17 10:23:50.0"
173671,53973,6,"2020-06-17 10:23:50.0"
173672,53973,8,"2020-06-17 10:23:50.0"
173673,53973,10,"2020-06-17 10:23:50.0"
173674,53973,9,"2020-06-17 10:23:50.0"
173675,53973,7,"2020-06-17 10:23:50.0"
173676,53973,2,"2020-06-17 10:23:50.0"
173677,53973,3,"2020-06-17 10:23:50.0"
173678,53973,4,"2020-06-17 10:23:50.0"
173679,53973,11,"2020-06-17 10:23:50.0"
173680,53973,12,"2020-06-17 10:23:50.0"
173681,53973,14,"2020-06-17 10:23:50.0"
173682,53973,13,"2020-06-17 10:23:50.0"
173683,53973,15,"2020-06-17 10:23:50.0"
173684,53973,16,"2020-06-17 10:23:50.0"
173685,53973,17,"2020-06-17 10:23:50.0"
173686,53973,18,"2020-06-17 10:23:50.0"
173687,53973,19,"2020-06-17 10:23:50.0"
173688,53973,20,"2020-06-17 10:23:50.0"
173689,53973,22,"2020-06-17 10:23:50.0"
173690,53973,23,"2020-06-17 10:23:50.0"
173691,53973,24,"2020-06-17 10:23:50.0"
173692,53973,25,"2020-06-17 10:23:50.0"
173693,53973,26,"2020-06-17 10:23:50.0"
173694,53973,21,"2020-06-17 10:23:50.0"
173695,87937,0,"2020-06-17 10:23:54.0"
173696,87937,1,"2020-06-17 10:23:54.0"
173697,87937,5,"2020-06-17 10:23:54.0"
173698,87937,6,"2020-06-17 10:23:54.0"
173699,87937,8,"2020-06-17 10:23:54.0"
173700,87937,10,"2020-06-17 10:23:54.0"
173701,87937,9,"2020-06-17 10:23:54.0"
173702,87937,7,"2020-06-17 10:23:54.0"
173703,87937,2,"2020-06-17 10:23:54.0"
173704,87937,3,"2020-06-17 10:23:54.0"
173705,87937,4,"2020-06-17 10:23:54.0"
173706,87937,11,"2020-06-17 10:23:54.0"
173707,87937,12,"2020-06-17 10:23:54.0"
173708,87937,14,"2020-06-17 10:23:54.0"
173709,87937,13,"2020-06-17 10:23:54.0"
173710,87937,15,"2020-06-17 10:23:54.0"
173711,87937,16,"2020-06-17 10:23:54.0"
173712,87937,17,"2020-06-17 10:23:54.0"
173713,87937,18,"2020-06-17 10:23:54.0"
173714,87937,19,"2020-06-17 10:23:54.0"
173715,87937,20,"2020-06-17 10:23:54.0"
173716,87937,22,"2020-06-17 10:23:54.0"
173717,87937,23,"2020-06-17 10:23:54.0"
173718,87937,24,"2020-06-17 10:23:54.0"
173719,87937,25,"2020-06-17 10:23:54.0"
173720,87937,26,"2020-06-17 10:23:54.0"
173721,87937,21,"2020-06-17 10:23:54.0"
173722,17997,0,"2020-06-17 10:23:56.0"
173723,17997,1,"2020-06-17 10:23:56.0"
173724,17997,5,"2020-06-17 10:23:56.0"
173725,17997,6,"2020-06-17 10:23:56.0"
173726,17997,8,"2020-06-17 10:23:56.0"
173727,17997,10,"2020-06-17 10:23:57.0"
173728,17997,9,"2020-06-17 10:23:56.0"
173729,17997,7,"2020-06-17 10:23:56.0"
173730,17997,2,"2020-06-17 10:23:56.0"
173731,17997,3,"2020-06-17 10:23:56.0"
173732,17997,4,"2020-06-17 10:23:56.0"
173733,17997,11,"2020-06-17 10:23:57.0"
173734,17997,12,"2020-06-17 10:23:57.0"
173735,17997,14,"2020-06-17 10:23:57.0"
173736,17997,13,"2020-06-17 10:23:57.0"
173737,17997,15,"2020-06-17 10:23:57.0"
173738,17997,16,"2020-06-17 10:23:57.0"
173739,17997,17,"2020-06-17 10:23:57.0"
173740,17997,18,"2020-06-17 10:23:57.0"
173741,17997,19,"2020-06-17 10:23:57.0"
173742,17997,20,"2020-06-17 10:23:57.0"
173743,17997,22,"2020-06-17 10:23:57.0"
173744,17997,23,"2020-06-17 10:23:57.0"
173745,17997,24,"2020-06-17 10:23:57.0"
173746,17997,25,"2020-06-17 10:23:57.0"
173747,17997,26,"2020-06-17 10:23:57.0"
173748,17997,21,"2020-06-17 10:23:57.0"
173749,86117,0,"2020-06-17 10:23:59.0"
173750,86117,1,"2020-06-17 10:23:59.0"
173751,86117,5,"2020-06-17 10:23:59.0"
173752,86117,6,"2020-06-17 10:23:59.0"
173753,86117,8,"2020-06-17 10:23:59.0"
173754,86117,10,"2020-06-17 10:23:59.0"
173755,86117,9,"2020-06-17 10:23:59.0"
173756,86117,7,"2020-06-17 10:23:59.0"
173757,86117,2,"2020-06-17 10:23:59.0"
173758,86117,3,"2020-06-17 10:23:59.0"
173759,86117,4,"2020-06-17 10:23:59.0"
173760,86117,11,"2020-06-17 10:23:59.0"
173761,86117,12,"2020-06-17 10:23:59.0"
173762,86117,14,"2020-06-17 10:23:59.0"
173763,86117,13,"2020-06-17 10:23:59.0"
173764,86117,15,"2020-06-17 10:23:59.0"
173765,86117,16,"2020-06-17 10:23:59.0"
173766,86117,17,"2020-06-17 10:23:59.0"
173767,86117,18,"2020-06-17 10:23:59.0"
173768,86117,19,"2020-06-17 10:23:59.0"
173769,86117,20,"2020-06-17 10:23:59.0"
173770,86117,22,"2020-06-17 10:23:59.0"
173771,86117,23,"2020-06-17 10:23:59.0"
173772,86117,24,"2020-06-17 10:23:59.0"
173773,86117,25,"2020-06-17 10:23:59.0"
173774,86117,26,"2020-06-17 10:23:59.0"
173775,86117,21,"2020-06-17 10:23:59.0"
173776,81244,0,"2020-06-17 10:24:01.0"
173777,81244,1,"2020-06-17 10:24:01.0"
173778,81244,5,"2020-06-17 10:24:01.0"
173779,81244,6,"2020-06-17 10:24:01.0"
173780,81244,8,"2020-06-17 10:24:01.0"
173781,81244,10,"2020-06-17 10:24:01.0"
173782,81244,9,"2020-06-17 10:24:01.0"
173783,81244,7,"2020-06-17 10:24:01.0"
173784,81244,2,"2020-06-17 10:24:01.0"
173785,81244,3,"2020-06-17 10:24:01.0"
173786,81244,4,"2020-06-17 10:24:01.0"
173787,81244,11,"2020-06-17 10:24:01.0"
173788,81244,12,"2020-06-17 10:24:02.0"
173789,81244,14,"2020-06-17 10:24:02.0"
173790,81244,13,"2020-06-17 10:24:02.0"
173791,81244,15,"2020-06-17 10:24:02.0"
173792,81244,16,"2020-06-17 10:24:02.0"
173793,81244,17,"2020-06-17 10:24:02.0"
173794,81244,18,"2020-06-17 10:24:02.0"
173795,81244,19,"2020-06-17 10:24:02.0"
173796,81244,20,"2020-06-17 10:24:02.0"
173797,81244,22,"2020-06-17 10:24:02.0"
173798,81244,23,"2020-06-17 10:24:02.0"
173799,81244,24,"2020-06-17 10:24:02.0"
173800,81244,25,"2020-06-17 10:24:02.0"
173801,81244,26,"2020-06-17 10:24:02.0"
173802,81244,21,"2020-06-17 10:24:02.0"
173803,54278,0,"2020-06-17 10:24:05.0"
173804,54278,1,"2020-06-17 10:24:05.0"
173805,54278,5,"2020-06-17 10:24:05.0"
173806,54278,6,"2020-06-17 10:24:05.0"
173807,54278,8,"2020-06-17 10:24:05.0"
173808,54278,10,"2020-06-17 10:24:05.0"
173809,54278,9,"2020-06-17 10:24:05.0"
173810,54278,7,"2020-06-17 10:24:05.0"
173811,54278,2,"2020-06-17 10:24:05.0"
173812,54278,3,"2020-06-17 10:24:05.0"
173813,54278,4,"2020-06-17 10:24:05.0"
173814,54278,11,"2020-06-17 10:24:05.0"
173815,54278,12,"2020-06-17 10:24:05.0"
173816,54278,14,"2020-06-17 10:24:05.0"
173817,54278,13,"2020-06-17 10:24:05.0"
173818,54278,15,"2020-06-17 10:24:05.0"
173819,54278,16,"2020-06-17 10:24:05.0"
173820,54278,17,"2020-06-17 10:24:05.0"
173821,54278,18,"2020-06-17 10:24:05.0"
173822,54278,19,"2020-06-17 10:24:05.0"
173823,54278,20,"2020-06-17 10:24:05.0"
173824,54278,22,"2020-06-17 10:24:05.0"
173825,54278,23,"2020-06-17 10:24:05.0"
173826,54278,24,"2020-06-17 10:24:05.0"
173827,54278,25,"2020-06-17 10:24:05.0"
173828,54278,26,"2020-06-17 10:24:05.0"
173829,54278,21,"2020-06-17 10:24:05.0"
259167,16147,0,"2020-06-17 09:31:10.0"
259168,16147,1,"2020-06-17 09:31:10.0"
259169,16147,5,"2020-06-17 09:31:10.0"
259170,16147,6,"2020-06-17 09:31:10.0"
259171,16147,8,"2020-06-17 09:31:10.0"
259172,16147,9,"2020-06-17 09:31:10.0"
259173,16147,10,"2020-06-17 09:31:10.0"
259174,16147,7,"2020-06-17 09:31:10.0"
259175,16147,2,"2020-06-17 09:31:10.0"
259176,16147,3,"2020-06-17 09:31:10.0"
259177,16147,4,"2020-06-17 09:31:10.0"
259178,16147,11,"2020-06-17 09:31:10.0"
259179,16147,12,"2020-06-17 09:31:10.0"
259180,16147,14,"2020-06-17 09:31:10.0"
259181,16147,13,"2020-06-17 09:31:10.0"
259182,16147,15,"2020-06-17 09:31:10.0"
259183,16147,16,"2020-06-17 09:31:10.0"
259185,16147,17,"2020-06-17 09:31:10.0"
259186,16147,18,"2020-06-17 09:31:10.0"
259187,16147,19,"2020-06-17 09:31:10.0"
259188,16147,21,"2020-06-17 09:31:10.0"
259189,16147,22,"2020-06-17 09:31:10.0"
259190,16147,23,"2020-06-17 09:31:10.0"
259191,16147,24,"2020-06-17 09:31:10.0"
259192,16147,25,"2020-06-17 09:31:10.0"
259193,16147,20,"2020-06-17 09:31:10.0"
259195,16147,26,"2020-06-17 09:31:10.0"
259197,16147,27,"2020-06-17 09:31:10.0"
259198,16147,28,"2020-06-17 09:31:10.0"
259199,16147,29,"2020-06-17 09:31:10.0"
259200,16147,30,"2020-06-17 09:31:10.0"
259201,16147,31,"2020-06-17 09:31:10.0"
259202,16147,32,"2020-06-17 09:31:10.0"
259204,16147,33,"2020-06-17 09:31:10.0"
259206,16147,34,"2020-06-17 09:31:10.0"
259207,16147,35,"2020-06-17 09:31:10.0"
259209,16147,36,"2020-06-17 09:31:10.0"
259211,16147,37,"2020-06-17 09:31:10.0"
259212,16147,38,"2020-06-17 09:31:10.0"
259214,16147,39,"2020-06-17 09:31:10.0"
259215,16147,40,"2020-06-17 09:31:10.0"
259217,16147,41,"2020-06-17 09:31:10.0"
259219,16147,42,"2020-06-17 09:31:10.0"
259221,16147,43,"2020-06-17 09:31:10.0"
260203,96673,0,"2020-06-17 09:31:02.0"
260204,96673,1,"2020-06-17 09:31:02.0"
260205,96673,5,"2020-06-17 09:31:02.0"
260206,96673,6,"2020-06-17 09:31:02.0"
260207,96673,8,"2020-06-17 09:31:02.0"
260208,96673,10,"2020-06-17 09:31:02.0"
260209,96673,9,"2020-06-17 09:31:02.0"
260210,96673,7,"2020-06-17 09:31:02.0"
260211,96673,2,"2020-06-17 09:31:02.0"
260212,96673,3,"2020-06-17 09:31:02.0"
260213,96673,4,"2020-06-17 09:31:02.0"
260214,96673,11,"2020-06-17 09:31:02.0"
260215,96673,12,"2020-06-17 09:31:02.0"
260216,96673,14,"2020-06-17 09:31:02.0"
260217,96673,13,"2020-06-17 09:31:02.0"
260218,96673,15,"2020-06-17 09:31:02.0"
260219,96673,16,"2020-06-17 09:31:02.0"
260221,96673,17,"2020-06-17 09:31:02.0"
260222,96673,18,"2020-06-17 09:31:02.0"
260223,96673,19,"2020-06-17 09:31:02.0"
260224,96673,21,"2020-06-17 09:31:02.0"
260225,96673,22,"2020-06-17 09:31:02.0"
260226,96673,23,"2020-06-17 09:31:02.0"
260227,96673,24,"2020-06-17 09:31:02.0"
260228,96673,25,"2020-06-17 09:31:02.0"
260229,96673,20,"2020-06-17 09:31:02.0"
260257,96673,26,"2020-06-17 09:31:02.0"
260258,96673,27,"2020-06-17 09:31:02.0"
260259,96673,28,"2020-06-17 09:31:02.0"
260260,96673,29,"2020-06-17 09:31:02.0"
260261,96673,30,"2020-06-17 09:31:02.0"
260262,96673,31,"2020-06-17 09:31:02.0"
260263,96673,32,"2020-06-17 09:31:02.0"
260266,96673,33,"2020-06-17 09:31:02.0"
260283,96673,37,"2020-06-17 09:31:02.0"
260284,96673,38,"2020-06-17 09:31:02.0"
260286,96673,39,"2020-06-17 09:31:02.0"
260288,96673,40,"2020-06-17 09:31:02.0"
260289,96673,41,"2020-06-17 09:31:02.0"
260291,96673,42,"2020-06-17 09:31:02.0"
260292,96673,43,"2020-06-17 09:31:02.0"
260315,96673,34,"2020-06-17 09:31:02.0"
260317,96673,35,"2020-06-17 09:31:02.0"
260320,96673,36,"2020-06-17 09:31:02.0"
260340,91846,0,"2020-06-17 09:31:05.0"
260341,91846,1,"2020-06-17 09:31:05.0"
260342,91846,5,"2020-06-17 09:31:05.0"
260343,91846,6,"2020-06-17 09:31:05.0"
260344,91846,8,"2020-06-17 09:31:05.0"
260345,91846,10,"2020-06-17 09:31:05.0"
260346,91846,9,"2020-06-17 09:31:05.0"
260347,91846,7,"2020-06-17 09:31:05.0"
260348,91846,2,"2020-06-17 09:31:05.0"
260349,91846,3,"2020-06-17 09:31:05.0"
260350,91846,4,"2020-06-17 09:31:05.0"
260351,91846,11,"2020-06-17 09:31:05.0"
260352,91846,12,"2020-06-17 09:31:05.0"
260353,91846,14,"2020-06-17 09:31:05.0"
260354,91846,13,"2020-06-17 09:31:05.0"
260355,91846,15,"2020-06-17 09:31:05.0"
260356,91846,16,"2020-06-17 09:31:05.0"
260358,91846,17,"2020-06-17 09:31:05.0"
260359,91846,18,"2020-06-17 09:31:05.0"
260360,91846,19,"2020-06-17 09:31:05.0"
260361,91846,21,"2020-06-17 09:31:05.0"
260362,91846,22,"2020-06-17 09:31:05.0"
260363,91846,23,"2020-06-17 09:31:05.0"
260364,91846,24,"2020-06-17 09:31:05.0"
260365,91846,25,"2020-06-17 09:31:05.0"
260366,91846,20,"2020-06-17 09:31:05.0"
260405,91846,26,"2020-06-17 09:31:06.0"
260406,91846,27,"2020-06-17 09:31:06.0"
260407,91846,28,"2020-06-17 09:31:06.0"
260408,91846,29,"2020-06-17 09:31:06.0"
260409,91846,30,"2020-06-17 09:31:06.0"
260410,91846,31,"2020-06-17 09:31:06.0"
260411,91846,32,"2020-06-17 09:31:06.0"
260412,91846,33,"2020-06-17 09:31:06.0"
260414,91846,34,"2020-06-17 09:31:06.0"
260415,91846,35,"2020-06-17 09:31:06.0"
260416,91846,36,"2020-06-17 09:31:06.0"
260417,91846,37,"2020-06-17 09:31:06.0"
260418,91846,38,"2020-06-17 09:31:06.0"
260419,91846,39,"2020-06-17 09:31:06.0"
260420,91846,40,"2020-06-17 09:31:06.0"
260421,91846,41,"2020-06-17 09:31:06.0"
260422,91846,42,"2020-06-17 09:31:06.0"
260423,91846,43,"2020-06-17 09:31:06.0"
260991,77486,0,"2020-06-17 09:30:25.0"
260992,77486,1,"2020-06-17 09:30:25.0"
260993,77486,5,"2020-06-17 09:30:25.0"
260994,77486,6,"2020-06-17 09:30:25.0"
260995,77486,8,"2020-06-17 09:30:25.0"
260996,77486,10,"2020-06-17 09:30:25.0"
260997,77486,9,"2020-06-17 09:30:25.0"
260998,77486,7,"2020-06-17 09:30:25.0"
260999,77486,2,"2020-06-17 09:30:25.0"
261000,77486,3,"2020-06-17 09:30:25.0"
261001,77486,4,"2020-06-17 09:30:25.0"
261002,77486,11,"2020-06-17 09:30:25.0"
261003,77486,12,"2020-06-17 09:30:25.0"
261004,77486,14,"2020-06-17 09:30:25.0"
261005,77486,13,"2020-06-17 09:30:25.0"
261006,77486,15,"2020-06-17 09:30:25.0"
261007,77486,16,"2020-06-17 09:30:25.0"
261009,77486,17,"2020-06-17 09:30:26.0"
261010,77486,18,"2020-06-17 09:30:26.0"
261011,77486,19,"2020-06-17 09:30:26.0"
261012,77486,21,"2020-06-17 09:30:26.0"
261013,77486,22,"2020-06-17 09:30:26.0"
261014,77486,23,"2020-06-17 09:30:26.0"
261015,77486,24,"2020-06-17 09:30:26.0"
261016,77486,25,"2020-06-17 09:30:26.0"
261017,77486,20,"2020-06-17 09:30:26.0"
261018,77486,26,"2020-06-17 09:30:26.0"
261019,77486,27,"2020-06-17 09:30:26.0"
261020,77486,28,"2020-06-17 09:30:26.0"
261021,77486,29,"2020-06-17 09:30:26.0"
261025,77486,30,"2020-06-17 09:30:26.0"
261026,77486,31,"2020-06-17 09:30:26.0"
261027,77486,32,"2020-06-17 09:30:26.0"
261028,77486,33,"2020-06-17 09:30:26.0"
261029,77486,34,"2020-06-17 09:30:26.0"
261030,77486,35,"2020-06-17 09:30:26.0"
261031,77486,36,"2020-06-17 09:30:26.0"
261032,77486,37,"2020-06-17 09:30:26.0"
261033,77486,38,"2020-06-17 09:30:26.0"
261034,77486,39,"2020-06-17 09:30:26.0"
261035,77486,40,"2020-06-17 09:30:26.0"
261036,77486,41,"2020-06-17 09:30:26.0"
261037,77486,42,"2020-06-17 09:30:26.0"
261038,77486,43,"2020-06-17 09:30:26.0"
261416,98534,0,"2020-06-17 09:30:29.0"
261417,98534,1,"2020-06-17 09:30:29.0"
261418,98534,5,"2020-06-17 09:30:29.0"
261419,98534,6,"2020-06-17 09:30:29.0"
261420,98534,8,"2020-06-17 09:30:29.0"
261421,98534,10,"2020-06-17 09:30:29.0"
261422,98534,9,"2020-06-17 09:30:29.0"
261423,98534,7,"2020-06-17 09:30:29.0"
261424,98534,2,"2020-06-17 09:30:29.0"
261425,98534,3,"2020-06-17 09:30:29.0"
261426,98534,4,"2020-06-17 09:30:29.0"
261427,98534,11,"2020-06-17 09:30:29.0"
261428,98534,12,"2020-06-17 09:30:29.0"
261429,98534,14,"2020-06-17 09:30:29.0"
261430,98534,13,"2020-06-17 09:30:29.0"
261431,98534,15,"2020-06-17 09:30:29.0"
261432,98534,16,"2020-06-17 09:30:29.0"
261434,98534,17,"2020-06-17 09:30:29.0"
261435,98534,18,"2020-06-17 09:30:29.0"
261436,98534,19,"2020-06-17 09:30:29.0"
261437,98534,21,"2020-06-17 09:30:29.0"
261438,98534,22,"2020-06-17 09:30:29.0"
261439,98534,23,"2020-06-17 09:30:29.0"
261440,98534,24,"2020-06-17 09:30:29.0"
261441,98534,25,"2020-06-17 09:30:29.0"
261442,98534,20,"2020-06-17 09:30:29.0"
261467,98534,26,"2020-06-17 09:30:29.0"
261480,98534,27,"2020-06-17 09:30:29.0"
261481,89851,0,"2020-06-17 09:30:32.0"
261482,89851,1,"2020-06-17 09:30:32.0"
261483,89851,5,"2020-06-17 09:30:32.0"
261484,89851,6,"2020-06-17 09:30:32.0"
261485,89851,8,"2020-06-17 09:30:32.0"
261486,89851,10,"2020-06-17 09:30:32.0"
261487,89851,9,"2020-06-17 09:30:32.0"
261488,89851,7,"2020-06-17 09:30:32.0"
261489,89851,2,"2020-06-17 09:30:32.0"
261490,89851,3,"2020-06-17 09:30:32.0"
261491,89851,4,"2020-06-17 09:30:32.0"
261492,89851,11,"2020-06-17 09:30:32.0"
261493,89851,12,"2020-06-17 09:30:32.0"
261494,89851,14,"2020-06-17 09:30:32.0"
261495,89851,13,"2020-06-17 09:30:32.0"
261496,89851,15,"2020-06-17 09:30:32.0"
261497,89851,16,"2020-06-17 09:30:32.0"
261499,89851,17,"2020-06-17 09:30:32.0"
261500,89851,18,"2020-06-17 09:30:32.0"
261501,89851,19,"2020-06-17 09:30:32.0"
261502,89851,21,"2020-06-17 09:30:32.0"
261503,89851,22,"2020-06-17 09:30:32.0"
261504,89851,23,"2020-06-17 09:30:32.0"
261505,89851,24,"2020-06-17 09:30:32.0"
261506,89851,25,"2020-06-17 09:30:32.0"
261507,89851,20,"2020-06-17 09:30:32.0"
261508,89851,26,"2020-06-17 09:30:32.0"
261509,89851,27,"2020-06-17 09:30:32.0"
261510,89851,28,"2020-06-17 09:30:32.0"
261511,89851,29,"2020-06-17 09:30:32.0"
261512,89851,30,"2020-06-17 09:30:32.0"
261514,89851,31,"2020-06-17 09:30:32.0"
261516,89851,32,"2020-06-17 09:30:32.0"
261518,89851,33,"2020-06-17 09:30:32.0"
261520,89851,34,"2020-06-17 09:30:32.0"
261522,89851,35,"2020-06-17 09:30:32.0"
261524,89851,36,"2020-06-17 09:30:32.0"
261526,89851,37,"2020-06-17 09:30:32.0"
261528,89851,38,"2020-06-17 09:30:32.0"
261530,89851,39,"2020-06-17 09:30:32.0"
261531,89851,40,"2020-06-17 09:30:32.0"
261533,89851,41,"2020-06-17 09:30:32.0"
261535,89851,42,"2020-06-17 09:30:32.0"
261537,89851,43,"2020-06-17 09:30:32.0"
261541,98534,28,"2020-06-17 09:30:29.0"
261542,98534,29,"2020-06-17 09:30:29.0"
261543,98534,30,"2020-06-17 09:30:29.0"
261544,98534,31,"2020-06-17 09:30:29.0"
261545,98534,32,"2020-06-17 09:30:29.0"
261546,97997,0,"2020-06-10 17:17:56.0"
261547,97997,1,"2020-06-10 17:17:56.0"
261548,97997,5,"2020-06-10 17:17:56.0"
261549,97997,6,"2020-06-10 17:17:56.0"
261550,97997,8,"2020-06-10 17:17:56.0"
261551,97997,10,"2020-06-10 17:17:56.0"
261552,97997,9,"2020-06-10 17:17:56.0"
261553,97997,7,"2020-06-10 17:17:56.0"
261554,97997,2,"2020-06-10 17:17:56.0"
261555,97997,3,"2020-06-10 17:17:56.0"
261556,97997,4,"2020-06-10 17:17:56.0"
261557,97997,11,"2020-06-10 17:17:56.0"
261558,97997,12,"2020-06-10 17:17:56.0"
261559,97997,14,"2020-06-10 17:17:56.0"
261560,97997,13,"2020-06-10 17:17:56.0"
261561,97997,15,"2020-06-10 17:17:56.0"
261562,97997,16,"2020-06-10 17:17:56.0"
261564,97997,17,"2020-06-10 17:17:56.0"
261565,97997,18,"2020-06-10 17:17:56.0"
261566,97997,19,"2020-06-10 17:17:56.0"
261567,97997,21,"2020-06-10 17:17:56.0"
261568,97997,22,"2020-06-10 17:17:56.0"
261569,97997,23,"2020-06-10 17:17:56.0"
261570,97997,24,"2020-06-10 17:17:56.0"
261571,97997,25,"2020-06-10 17:17:56.0"
261572,97997,20,"2020-06-10 17:17:56.0"
261573,97997,26,"2020-06-10 17:17:56.0"
261574,97997,27,"2020-06-10 17:17:56.0"
261575,97997,28,"2020-06-10 17:17:56.0"
261576,97997,29,"2020-06-10 17:17:56.0"
261577,97997,30,"2020-06-10 17:17:56.0"
261578,97997,31,"2020-06-10 17:17:56.0"
261579,97997,32,"2020-06-10 17:17:56.0"
261580,97997,33,"2020-06-10 17:17:56.0"
261581,97997,34,"2020-06-10 17:17:56.0"
261582,97997,35,"2020-06-10 17:17:56.0"
261583,97997,36,"2020-06-10 17:17:56.0"
261584,97997,37,"2020-06-10 17:17:56.0"
261585,97997,38,"2020-06-10 17:17:56.0"
261586,97997,39,"2020-06-10 17:17:56.0"
261587,97997,40,"2020-06-10 17:17:56.0"
261588,97997,41,"2020-06-10 17:17:56.0"
261589,97997,42,"2020-06-10 17:17:56.0"
261590,97997,43,"2020-06-10 17:17:56.0"
261591,98534,33,"2020-06-17 09:30:29.0"
261592,98534,34,"2020-06-17 09:30:29.0"
261593,98534,35,"2020-06-17 09:30:29.0"
261594,65453,0,"2020-06-17 09:30:37.0"
261595,65453,1,"2020-06-17 09:30:37.0"
261596,65453,5,"2020-06-17 09:30:37.0"
261597,65453,6,"2020-06-17 09:30:37.0"
261598,65453,8,"2020-06-17 09:30:37.0"
261599,65453,10,"2020-06-17 09:30:37.0"
261600,65453,9,"2020-06-17 09:30:37.0"
261601,65453,7,"2020-06-17 09:30:37.0"
261602,65453,2,"2020-06-17 09:30:37.0"
261603,65453,3,"2020-06-17 09:30:37.0"
261604,65453,4,"2020-06-17 09:30:37.0"
261605,65453,11,"2020-06-17 09:30:37.0"
261606,65453,12,"2020-06-17 09:30:37.0"
261607,65453,14,"2020-06-17 09:30:37.0"
261608,65453,13,"2020-06-17 09:30:37.0"
261609,65453,15,"2020-06-17 09:30:37.0"
261610,65453,16,"2020-06-17 09:30:37.0"
261612,65453,17,"2020-06-17 09:30:37.0"
261613,65453,18,"2020-06-17 09:30:37.0"
261614,65453,19,"2020-06-17 09:30:37.0"
261615,65453,21,"2020-06-17 09:30:37.0"
261616,65453,22,"2020-06-17 09:30:37.0"
261617,65453,23,"2020-06-17 09:30:37.0"
261618,65453,24,"2020-06-17 09:30:37.0"
261619,65453,25,"2020-06-17 09:30:37.0"
261620,65453,20,"2020-06-17 09:30:37.0"
261621,65453,26,"2020-06-17 09:30:37.0"
261622,65453,27,"2020-06-17 09:30:37.0"
261623,98534,36,"2020-06-17 09:30:29.0"
261624,65453,28,"2020-06-17 09:30:37.0"
261625,65453,29,"2020-06-17 09:30:37.0"
261626,65453,30,"2020-06-17 09:30:37.0"
261627,65453,31,"2020-06-17 09:30:37.0"
261628,65453,32,"2020-06-17 09:30:37.0"
261629,65453,33,"2020-06-17 09:30:37.0"
261630,65453,34,"2020-06-17 09:30:37.0"
261631,65453,35,"2020-06-17 09:30:37.0"
261632,65453,36,"2020-06-17 09:30:37.0"
261633,65453,37,"2020-06-17 09:30:37.0"
261634,65453,38,"2020-06-17 09:30:37.0"
261635,65453,39,"2020-06-17 09:30:37.0"
261636,65453,40,"2020-06-17 09:30:37.0"
261637,65453,41,"2020-06-17 09:30:37.0"
261638,65453,42,"2020-06-17 09:30:37.0"
261639,65453,43,"2020-06-17 09:30:37.0"
261640,29968,0,"2020-06-17 09:30:41.0"
261641,29968,1,"2020-06-17 09:30:41.0"
261642,29968,5,"2020-06-17 09:30:41.0"
261643,29968,6,"2020-06-17 09:30:41.0"
261644,29968,8,"2020-06-17 09:30:41.0"
261645,29968,10,"2020-06-17 09:30:41.0"
261646,29968,9,"2020-06-17 09:30:41.0"
261647,29968,7,"2020-06-17 09:30:41.0"
261648,29968,2,"2020-06-17 09:30:41.0"
261649,29968,3,"2020-06-17 09:30:41.0"
261650,29968,4,"2020-06-17 09:30:41.0"
261651,29968,11,"2020-06-17 09:30:41.0"
261652,29968,12,"2020-06-17 09:30:41.0"
261653,29968,14,"2020-06-17 09:30:41.0"
261654,29968,13,"2020-06-17 09:30:41.0"
261655,29968,15,"2020-06-17 09:30:41.0"
261656,29968,16,"2020-06-17 09:30:41.0"
261658,29968,17,"2020-06-17 09:30:41.0"
261659,29968,18,"2020-06-17 09:30:41.0"
261660,29968,19,"2020-06-17 09:30:41.0"
261661,29968,21,"2020-06-17 09:30:41.0"
261662,29968,22,"2020-06-17 09:30:41.0"
261663,29968,23,"2020-06-17 09:30:41.0"
261664,29968,24,"2020-06-17 09:30:41.0"
261665,29968,25,"2020-06-17 09:30:41.0"
261666,29968,20,"2020-06-17 09:30:41.0"
261667,29968,26,"2020-06-17 09:30:41.0"
261668,29968,27,"2020-06-17 09:30:41.0"
261669,29968,28,"2020-06-17 09:30:41.0"
261670,29968,29,"2020-06-17 09:30:41.0"
261671,29968,30,"2020-06-17 09:30:41.0"
261672,29968,31,"2020-06-17 09:30:41.0"
261673,29968,32,"2020-06-17 09:30:41.0"
261674,29968,39,"2020-06-17 09:30:41.0"
261675,29968,33,"2020-06-17 09:30:41.0"
261676,29968,40,"2020-06-17 09:30:42.0"
261677,29968,34,"2020-06-17 09:30:41.0"
261678,29968,41,"2020-06-17 09:30:42.0"
261679,29968,35,"2020-06-17 09:30:41.0"
261680,29968,42,"2020-06-17 09:30:42.0"
261681,29968,36,"2020-06-17 09:30:41.0"
261682,29968,43,"2020-06-17 09:30:42.0"
261683,29968,37,"2020-06-17 09:30:41.0"
261684,29968,38,"2020-06-17 09:30:41.0"
261685,98534,37,"2020-06-17 09:30:29.0"
261686,21851,0,"2020-06-17 09:30:45.0"
261687,21851,1,"2020-06-17 09:30:45.0"
261688,21851,5,"2020-06-17 09:30:45.0"
261689,21851,6,"2020-06-17 09:30:45.0"
261690,21851,8,"2020-06-17 09:30:45.0"
261691,21851,10,"2020-06-17 09:30:45.0"
261692,21851,9,"2020-06-17 09:30:45.0"
261693,21851,7,"2020-06-17 09:30:45.0"
261694,21851,2,"2020-06-17 09:30:45.0"
261695,21851,3,"2020-06-17 09:30:45.0"
261696,21851,4,"2020-06-17 09:30:45.0"
261697,21851,11,"2020-06-17 09:30:45.0"
261698,21851,12,"2020-06-17 09:30:45.0"
261699,21851,14,"2020-06-17 09:30:45.0"
261700,21851,13,"2020-06-17 09:30:45.0"
261701,21851,15,"2020-06-17 09:30:45.0"
261702,21851,16,"2020-06-17 09:30:45.0"
261704,21851,17,"2020-06-17 09:30:45.0"
261705,21851,18,"2020-06-17 09:30:45.0"
261706,21851,19,"2020-06-17 09:30:45.0"
261707,21851,21,"2020-06-17 09:30:45.0"
261708,21851,22,"2020-06-17 09:30:45.0"
261709,21851,23,"2020-06-17 09:30:45.0"
261710,21851,24,"2020-06-17 09:30:45.0"
261711,21851,25,"2020-06-17 09:30:45.0"
261712,21851,20,"2020-06-17 09:30:45.0"
261713,21851,26,"2020-06-17 09:30:45.0"
261714,21851,27,"2020-06-17 09:30:45.0"
261715,21851,28,"2020-06-17 09:30:45.0"
261716,21851,29,"2020-06-17 09:30:45.0"
261717,21851,30,"2020-06-17 09:30:45.0"
261718,21851,31,"2020-06-17 09:30:45.0"
261719,21851,32,"2020-06-17 09:30:45.0"
261720,21851,42,"2020-06-17 09:30:45.0"
261721,21851,39,"2020-06-17 09:30:45.0"
261722,21851,36,"2020-06-17 09:30:45.0"
261723,21851,33,"2020-06-17 09:30:45.0"
261724,21851,43,"2020-06-17 09:30:45.0"
261725,21851,40,"2020-06-17 09:30:45.0"
261726,21851,37,"2020-06-17 09:30:45.0"
261727,21851,34,"2020-06-17 09:30:45.0"
261728,21851,41,"2020-06-17 09:30:45.0"
261729,21851,38,"2020-06-17 09:30:45.0"
261730,21851,35,"2020-06-17 09:30:45.0"
261731,98534,38,"2020-06-17 09:30:29.0"
261732,97754,0,"2020-06-17 09:30:48.0"
261733,97754,1,"2020-06-17 09:30:48.0"
261734,97754,5,"2020-06-17 09:30:48.0"
261735,97754,6,"2020-06-17 09:30:48.0"
261736,97754,8,"2020-06-17 09:30:48.0"
261737,97754,10,"2020-06-17 09:30:48.0"
261738,97754,9,"2020-06-17 09:30:48.0"
261739,97754,7,"2020-06-17 09:30:48.0"
261740,97754,2,"2020-06-17 09:30:48.0"
261741,97754,3,"2020-06-17 09:30:48.0"
261742,97754,4,"2020-06-17 09:30:48.0"
261743,97754,11,"2020-06-17 09:30:48.0"
261744,97754,12,"2020-06-17 09:30:48.0"
261745,97754,14,"2020-06-17 09:30:48.0"
261746,97754,13,"2020-06-17 09:30:48.0"
261747,97754,15,"2020-06-17 09:30:48.0"
261748,97754,16,"2020-06-17 09:30:48.0"
261750,97754,17,"2020-06-17 09:30:48.0"
261751,97754,18,"2020-06-17 09:30:48.0"
261752,97754,19,"2020-06-17 09:30:48.0"
261753,97754,21,"2020-06-17 09:30:48.0"
261754,97754,22,"2020-06-17 09:30:48.0"
261755,97754,23,"2020-06-17 09:30:48.0"
261756,97754,24,"2020-06-17 09:30:48.0"
261757,97754,25,"2020-06-17 09:30:48.0"
261758,97754,20,"2020-06-17 09:30:48.0"
261759,98534,39,"2020-06-17 09:30:29.0"
261760,97754,26,"2020-06-17 09:30:48.0"
261761,97754,27,"2020-06-17 09:30:48.0"
261762,97754,29,"2020-06-17 09:30:48.0"
261763,97754,28,"2020-06-17 09:30:48.0"
261764,97754,30,"2020-06-17 09:30:48.0"
261765,97754,31,"2020-06-17 09:30:48.0"
261766,97754,32,"2020-06-17 09:30:48.0"
261767,97754,37,"2020-06-17 09:30:48.0"
261768,97754,42,"2020-06-17 09:30:48.0"
261769,97754,34,"2020-06-17 09:30:48.0"
261770,97754,39,"2020-06-17 09:30:48.0"
261771,97754,36,"2020-06-17 09:30:48.0"
261772,97754,41,"2020-06-17 09:30:48.0"
261773,97754,38,"2020-06-17 09:30:48.0"
261774,97754,33,"2020-06-17 09:30:48.0"
261775,97754,43,"2020-06-17 09:30:48.0"
261776,97754,35,"2020-06-17 09:30:48.0"
261777,97754,40,"2020-06-17 09:30:48.0"
261778,98534,40,"2020-06-17 09:30:29.0"
261779,91462,0,"2020-06-17 09:30:51.0"
261780,91462,1,"2020-06-17 09:30:51.0"
261781,91462,5,"2020-06-17 09:30:51.0"
261782,91462,6,"2020-06-17 09:30:51.0"
261783,91462,8,"2020-06-17 09:30:51.0"
261784,91462,10,"2020-06-17 09:30:51.0"
261785,91462,9,"2020-06-17 09:30:51.0"
261786,91462,7,"2020-06-17 09:30:51.0"
261787,91462,2,"2020-06-17 09:30:51.0"
261788,91462,3,"2020-06-17 09:30:51.0"
261789,91462,4,"2020-06-17 09:30:51.0"
261790,91462,11,"2020-06-17 09:30:51.0"
261791,91462,12,"2020-06-17 09:30:51.0"
261792,91462,14,"2020-06-17 09:30:51.0"
261793,91462,13,"2020-06-17 09:30:51.0"
261794,91462,15,"2020-06-17 09:30:51.0"
261795,91462,16,"2020-06-17 09:30:51.0"
261797,91462,17,"2020-06-17 09:30:51.0"
261798,91462,18,"2020-06-17 09:30:51.0"
261799,91462,19,"2020-06-17 09:30:51.0"
261800,91462,21,"2020-06-17 09:30:51.0"
261801,91462,22,"2020-06-17 09:30:51.0"
261802,91462,23,"2020-06-17 09:30:51.0"
261803,91462,24,"2020-06-17 09:30:51.0"
261804,91462,25,"2020-06-17 09:30:51.0"
261805,91462,20,"2020-06-17 09:30:51.0"
261806,91462,26,"2020-06-17 09:30:51.0"
261807,91462,27,"2020-06-17 09:30:51.0"
261808,91462,29,"2020-06-17 09:30:51.0"
261809,91462,30,"2020-06-17 09:30:51.0"
261810,91462,28,"2020-06-17 09:30:51.0"
261811,91462,31,"2020-06-17 09:30:51.0"
261812,91462,41,"2020-06-17 09:30:52.0"
261813,91462,32,"2020-06-17 09:30:52.0"
261814,91462,38,"2020-06-17 09:30:52.0"
261815,91462,37,"2020-06-17 09:30:52.0"
261816,91462,33,"2020-06-17 09:30:52.0"
261817,91462,42,"2020-06-17 09:30:52.0"
261818,91462,34,"2020-06-17 09:30:52.0"
261819,91462,43,"2020-06-17 09:30:52.0"
261820,91462,35,"2020-06-17 09:30:52.0"
261821,91462,39,"2020-06-17 09:30:52.0"
261822,91462,40,"2020-06-17 09:30:52.0"
261823,91462,36,"2020-06-17 09:30:52.0"
261824,98534,41,"2020-06-17 09:30:29.0"
261825,75921,0,"2020-06-17 09:30:55.0"
261826,75921,1,"2020-06-17 09:30:55.0"
261827,75921,5,"2020-06-17 09:30:55.0"
261828,75921,6,"2020-06-17 09:30:55.0"
261829,75921,8,"2020-06-17 09:30:55.0"
261830,75921,10,"2020-06-17 09:30:55.0"
261831,75921,9,"2020-06-17 09:30:55.0"
261832,75921,7,"2020-06-17 09:30:55.0"
261833,75921,2,"2020-06-17 09:30:55.0"
261834,75921,3,"2020-06-17 09:30:55.0"
261835,75921,4,"2020-06-17 09:30:55.0"
261836,75921,11,"2020-06-17 09:30:55.0"
261837,75921,12,"2020-06-17 09:30:55.0"
261838,75921,14,"2020-06-17 09:30:55.0"
261839,75921,13,"2020-06-17 09:30:55.0"
261840,75921,15,"2020-06-17 09:30:55.0"
261841,75921,16,"2020-06-17 09:30:55.0"
261843,75921,17,"2020-06-17 09:30:55.0"
261844,75921,18,"2020-06-17 09:30:55.0"
261845,75921,19,"2020-06-17 09:30:55.0"
261846,75921,21,"2020-06-17 09:30:55.0"
261847,75921,22,"2020-06-17 09:30:55.0"
261848,75921,23,"2020-06-17 09:30:55.0"
261849,75921,24,"2020-06-17 09:30:55.0"
261850,75921,25,"2020-06-17 09:30:55.0"
261851,75921,20,"2020-06-17 09:30:55.0"
261852,75921,26,"2020-06-17 09:30:55.0"
261853,75921,27,"2020-06-17 09:30:55.0"
261854,75921,29,"2020-06-17 09:30:55.0"
261855,75921,30,"2020-06-17 09:30:55.0"
261856,75921,31,"2020-06-17 09:30:55.0"
261857,75921,28,"2020-06-17 09:30:55.0"
261858,75921,41,"2020-06-17 09:30:55.0"
261859,75921,34,"2020-06-17 09:30:55.0"
261860,75921,43,"2020-06-17 09:30:55.0"
261861,75921,32,"2020-06-17 09:30:55.0"
261862,75921,35,"2020-06-17 09:30:55.0"
261863,75921,38,"2020-06-17 09:30:55.0"
261864,75921,39,"2020-06-17 09:30:55.0"
261865,75921,37,"2020-06-17 09:30:55.0"
261866,75921,33,"2020-06-17 09:30:55.0"
261867,75921,40,"2020-06-17 09:30:55.0"
261868,75921,42,"2020-06-17 09:30:55.0"
261869,75921,36,"2020-06-17 09:30:55.0"
261870,98534,42,"2020-06-17 09:30:29.0"
261871,98534,43,"2020-06-17 09:30:29.0"
261872,34138,0,"2020-06-17 09:30:22.0"
261873,34138,1,"2020-06-17 09:30:22.0"
261874,34138,5,"2020-06-17 09:30:22.0"
261875,34138,6,"2020-06-17 09:30:22.0"
261876,34138,8,"2020-06-17 09:30:22.0"
261877,34138,9,"2020-06-17 09:30:22.0"
261878,34138,10,"2020-06-17 09:30:22.0"
261879,34138,7,"2020-06-17 09:30:22.0"
261880,34138,2,"2020-06-17 09:30:22.0"
261881,34138,3,"2020-06-17 09:30:22.0"
261882,34138,4,"2020-06-17 09:30:22.0"
261883,34138,11,"2020-06-17 09:30:22.0"
261884,34138,12,"2020-06-17 09:30:22.0"
261885,34138,14,"2020-06-17 09:30:22.0"
261886,34138,13,"2020-06-17 09:30:22.0"
261887,34138,15,"2020-06-17 09:30:22.0"
261888,34138,16,"2020-06-17 09:30:22.0"
261890,34138,17,"2020-06-17 09:30:22.0"
261891,34138,18,"2020-06-17 09:30:22.0"
261892,34138,19,"2020-06-17 09:30:22.0"
261893,34138,21,"2020-06-17 09:30:22.0"
261894,34138,22,"2020-06-17 09:30:22.0"
261895,34138,23,"2020-06-17 09:30:22.0"
261896,34138,24,"2020-06-17 09:30:22.0"
261897,34138,25,"2020-06-17 09:30:22.0"
261898,34138,20,"2020-06-17 09:30:22.0"
261899,34138,26,"2020-06-17 09:30:22.0"
261900,34138,27,"2020-06-17 09:30:22.0"
261901,34138,28,"2020-06-17 09:30:22.0"
261902,34138,29,"2020-06-17 09:30:22.0"
261903,34138,30,"2020-06-17 09:30:22.0"
261904,34138,31,"2020-06-17 09:30:22.0"
261905,34138,32,"2020-06-17 09:30:22.0"
261906,34138,33,"2020-06-17 09:30:22.0"
261908,34138,34,"2020-06-17 09:30:22.0"
261909,34138,35,"2020-06-17 09:30:22.0"
261910,34138,36,"2020-06-17 09:30:22.0"
261911,34138,37,"2020-06-17 09:30:22.0"
261912,34138,38,"2020-06-17 09:30:22.0"
261913,34138,39,"2020-06-17 09:30:22.0"
261914,34138,40,"2020-06-17 09:30:22.0"
261915,34138,41,"2020-06-17 09:30:22.0"
261916,34138,42,"2020-06-17 09:30:22.0"
261917,34138,43,"2020-06-17 09:30:22.0"
261920,52429,0,"2020-06-10 17:17:17.0"
261921,52429,1,"2020-06-10 17:17:17.0"
261922,52429,5,"2020-06-10 17:17:17.0"
261923,52429,6,"2020-06-10 17:17:17.0"
261924,52429,8,"2020-06-10 17:17:17.0"
261925,52429,9,"2020-06-10 17:17:17.0"
261926,52429,10,"2020-06-10 17:17:17.0"
261927,52429,7,"2020-06-10 17:17:17.0"
261928,52429,2,"2020-06-10 17:17:17.0"
261929,52429,3,"2020-06-10 17:17:17.0"
261930,52429,4,"2020-06-10 17:17:17.0"
261931,52429,11,"2020-06-10 17:17:17.0"
261932,52429,12,"2020-06-10 17:17:17.0"
261933,52429,14,"2020-06-10 17:17:17.0"
261934,52429,13,"2020-06-10 17:17:17.0"
261935,52429,15,"2020-06-10 17:17:17.0"
261936,52429,16,"2020-06-10 17:17:17.0"
261938,52429,17,"2020-06-10 17:17:17.0"
261939,52429,18,"2020-06-10 17:17:17.0"
261940,52429,19,"2020-06-10 17:17:17.0"
261941,52429,21,"2020-06-10 17:17:17.0"
261942,52429,22,"2020-06-10 17:17:17.0"
261943,52429,23,"2020-06-10 17:17:17.0"
261944,52429,24,"2020-06-10 17:17:17.0"
261945,52429,25,"2020-06-10 17:17:17.0"
261946,52429,20,"2020-06-10 17:17:17.0"
261947,52429,26,"2020-06-10 17:17:17.0"
261948,52429,27,"2020-06-10 17:17:17.0"
261949,52429,28,"2020-06-10 17:17:17.0"
261950,52429,29,"2020-06-10 17:17:17.0"
261951,52429,30,"2020-06-10 17:17:17.0"
261952,52429,31,"2020-06-10 17:17:17.0"
261953,52429,32,"2020-06-10 17:17:17.0"
261954,52429,33,"2020-06-10 17:17:17.0"
261955,52429,34,"2020-06-10 17:17:17.0"
261956,52429,35,"2020-06-10 17:17:17.0"
261957,52429,36,"2020-06-10 17:17:17.0"
261958,52429,37,"2020-06-10 17:17:17.0"
261959,52429,38,"2020-06-10 17:17:17.0"
261960,52429,39,"2020-06-10 17:17:17.0"
261961,52429,40,"2020-06-10 17:17:17.0"
261962,52429,41,"2020-06-10 17:17:17.0"
261963,52429,42,"2020-06-10 17:17:17.0"
261964,52429,43,"2020-06-10 17:17:17.0"
261966,36662,0,"2020-06-17 09:30:58.0"
261967,36662,1,"2020-06-17 09:30:58.0"
261968,36662,5,"2020-06-17 09:30:58.0"
261969,36662,6,"2020-06-17 09:30:58.0"
261970,36662,8,"2020-06-17 09:30:58.0"
261971,36662,9,"2020-06-17 09:30:58.0"
261972,36662,10,"2020-06-17 09:30:58.0"
261973,36662,7,"2020-06-17 09:30:58.0"
261974,36662,2,"2020-06-17 09:30:58.0"
261975,36662,3,"2020-06-17 09:30:58.0"
261976,36662,4,"2020-06-17 09:30:58.0"
261977,36662,11,"2020-06-17 09:30:58.0"
261978,36662,12,"2020-06-17 09:30:58.0"
261979,36662,14,"2020-06-17 09:30:58.0"
261980,36662,13,"2020-06-17 09:30:58.0"
261981,36662,15,"2020-06-17 09:30:58.0"
261982,36662,16,"2020-06-17 09:30:58.0"
261984,36662,17,"2020-06-17 09:30:58.0"
261985,36662,18,"2020-06-17 09:30:58.0"
261986,36662,19,"2020-06-17 09:30:58.0"
261987,36662,21,"2020-06-17 09:30:58.0"
261988,36662,22,"2020-06-17 09:30:58.0"
261989,36662,23,"2020-06-17 09:30:58.0"
261990,36662,24,"2020-06-17 09:30:58.0"
261991,36662,25,"2020-06-17 09:30:58.0"
261992,36662,20,"2020-06-17 09:30:58.0"
261993,36662,26,"2020-06-17 09:30:58.0"
261994,36662,27,"2020-06-17 09:30:58.0"
261995,36662,28,"2020-06-17 09:30:58.0"
261996,36662,29,"2020-06-17 09:30:58.0"
261997,36662,30,"2020-06-17 09:30:58.0"
261998,36662,31,"2020-06-17 09:30:58.0"
261999,36662,32,"2020-06-17 09:30:58.0"
262000,36662,33,"2020-06-17 09:30:58.0"
262001,36662,34,"2020-06-17 09:30:58.0"
262002,36662,35,"2020-06-17 09:30:58.0"
262003,36662,36,"2020-06-17 09:30:59.0"
262004,36662,37,"2020-06-17 09:30:59.0"
262005,36662,38,"2020-06-17 09:30:59.0"
262006,36662,39,"2020-06-17 09:30:59.0"
262007,36662,40,"2020-06-17 09:30:59.0"
262008,36662,41,"2020-06-17 09:30:59.0"
262010,36662,42,"2020-06-17 09:30:59.0"
262011,36662,43,"2020-06-17 09:30:59.0"
262248,21426,0,"2020-06-17 09:30:09.0"
262249,21426,1,"2020-06-17 09:30:09.0"
262250,21426,4,"2020-06-17 09:30:09.0"
262251,21426,5,"2020-06-17 09:30:09.0"
262252,21426,7,"2020-06-17 09:30:09.0"
262253,21426,8,"2020-06-17 09:30:09.0"
262254,21426,9,"2020-06-17 09:30:09.0"
262255,21426,6,"2020-06-17 09:30:09.0"
262256,21426,2,"2020-06-17 09:30:09.0"
262257,21426,3,"2020-06-17 09:30:09.0"
262258,21426,23,"2020-06-17 09:30:09.0"
262259,21426,10,"2020-06-17 09:30:09.0"
262260,21426,11,"2020-06-17 09:30:09.0"
262261,21426,13,"2020-06-17 09:30:09.0"
262262,21426,12,"2020-06-17 09:30:09.0"
262263,21426,14,"2020-06-17 09:30:09.0"
262264,21426,15,"2020-06-17 09:30:09.0"
262266,21426,16,"2020-06-17 09:30:09.0"
262267,21426,17,"2020-06-17 09:30:09.0"
262268,21426,18,"2020-06-17 09:30:09.0"
262269,21426,20,"2020-06-17 09:30:09.0"
262270,21426,21,"2020-06-17 09:30:09.0"
262271,21426,22,"2020-06-17 09:30:09.0"
262272,21426,24,"2020-06-17 09:30:10.0"
262273,21426,25,"2020-06-17 09:30:10.0"
262274,21426,19,"2020-06-17 09:30:09.0"
262275,21426,26,"2020-06-17 09:30:10.0"
262276,21426,27,"2020-06-17 09:30:10.0"
262277,21426,28,"2020-06-17 09:30:10.0"
262278,21426,29,"2020-06-17 09:30:10.0"
262279,21426,30,"2020-06-17 09:30:10.0"
262281,21426,31,"2020-06-17 09:30:10.0"
262282,21426,32,"2020-06-17 09:30:10.0"
262283,21426,33,"2020-06-17 09:30:10.0"
262284,21426,34,"2020-06-17 09:30:10.0"
262285,21426,35,"2020-06-17 09:30:10.0"
262286,21426,36,"2020-06-17 09:30:10.0"
262287,21426,37,"2020-06-17 09:30:10.0"
262288,21426,38,"2020-06-17 09:30:10.0"
262289,21426,39,"2020-06-17 09:30:10.0"
262290,21426,40,"2020-06-17 09:30:10.0"
262291,21426,41,"2020-06-17 09:30:10.0"
262292,21426,42,"2020-06-17 09:30:10.0"
262294,21426,43,"2020-06-17 09:30:10.0"
262373,12225,0,"2020-06-17 09:30:03.0"
262374,12225,1,"2020-06-17 09:30:03.0"
262375,12225,6,"2020-06-17 09:30:03.0"
262376,12225,7,"2020-06-17 09:30:03.0"
262377,12225,9,"2020-06-17 09:30:03.0"
262378,12225,10,"2020-06-17 09:30:03.0"
262379,12225,11,"2020-06-17 09:30:03.0"
262380,12225,8,"2020-06-17 09:30:03.0"
262381,12225,3,"2020-06-17 09:30:03.0"
262382,12225,4,"2020-06-17 09:30:03.0"
262383,12225,5,"2020-06-17 09:30:03.0"
262384,12225,12,"2020-06-17 09:30:03.0"
262385,12225,13,"2020-06-17 09:30:03.0"
262386,12225,15,"2020-06-17 09:30:03.0"
262387,12225,14,"2020-06-17 09:30:03.0"
262388,12225,16,"2020-06-17 09:30:03.0"
262389,12225,17,"2020-06-17 09:30:03.0"
262391,12225,18,"2020-06-17 09:30:03.0"
262392,12225,19,"2020-06-17 09:30:03.0"
262393,12225,20,"2020-06-17 09:30:03.0"
262394,12225,22,"2020-06-17 09:30:03.0"
262395,12225,23,"2020-06-17 09:30:03.0"
262396,12225,24,"2020-06-17 09:30:03.0"
262397,12225,25,"2020-06-17 09:30:04.0"
262398,12225,26,"2020-06-17 09:30:04.0"
262399,12225,21,"2020-06-17 09:30:03.0"
262400,12225,27,"2020-06-17 09:30:04.0"
262401,12225,28,"2020-06-17 09:30:04.0"
262402,12225,29,"2020-06-17 09:30:04.0"
262403,12225,30,"2020-06-17 09:30:04.0"
262404,12225,31,"2020-06-17 09:30:04.0"
262405,12225,32,"2020-06-17 09:30:04.0"
262406,12225,33,"2020-06-17 09:30:04.0"
262407,12225,34,"2020-06-17 09:30:04.0"
262408,12225,35,"2020-06-17 09:30:04.0"
262409,12225,36,"2020-06-17 09:30:04.0"
262410,12225,37,"2020-06-17 09:30:04.0"
262411,12225,38,"2020-06-17 09:30:04.0"
262412,12225,39,"2020-06-17 09:30:04.0"
262413,12225,40,"2020-06-17 09:30:04.0"
262414,12225,41,"2020-06-17 09:30:04.0"
262415,12225,42,"2020-06-17 09:30:04.0"
262416,12225,43,"2020-06-17 09:30:04.0"
262417,12225,44,"2020-06-17 09:30:04.0"
262451,12225,2,"2020-06-17 09:30:03.0"
262453,46698,0,"2020-06-12 17:09:14.0"
262454,46698,1,"2020-06-12 17:09:14.0"
262455,46698,5,"2020-06-12 17:09:14.0"
262456,46698,6,"2020-06-12 17:09:14.0"
262457,46698,8,"2020-06-12 17:09:14.0"
262458,46698,10,"2020-06-12 17:09:14.0"
262459,46698,9,"2020-06-12 17:09:14.0"
262460,46698,7,"2020-06-12 17:09:14.0"
262461,46698,2,"2020-06-12 17:09:14.0"
262462,46698,3,"2020-06-12 17:09:14.0"
262463,46698,4,"2020-06-12 17:09:14.0"
262464,46698,11,"2020-06-12 17:09:14.0"
262465,46698,12,"2020-06-12 17:09:14.0"
262466,46698,14,"2020-06-12 17:09:14.0"
262467,46698,13,"2020-06-12 17:09:14.0"
262468,46698,15,"2020-06-12 17:09:14.0"
262469,46698,16,"2020-06-12 17:09:14.0"
262471,46698,17,"2020-06-12 17:09:14.0"
262472,46698,18,"2020-06-12 17:09:14.0"
262473,46698,19,"2020-06-12 17:09:14.0"
262474,46698,21,"2020-06-12 17:09:14.0"
262475,46698,22,"2020-06-12 17:09:14.0"
262476,46698,23,"2020-06-12 17:09:14.0"
262477,46698,24,"2020-06-12 17:09:14.0"
262478,46698,25,"2020-06-12 17:09:14.0"
262479,46698,20,"2020-06-12 17:09:14.0"
262480,46698,26,"2020-06-12 17:09:14.0"
262481,46698,27,"2020-06-12 17:09:14.0"
262482,46698,34,"2020-06-12 17:09:14.0"
262483,46698,43,"2020-06-12 17:09:14.0"
262484,46698,29,"2020-06-12 17:09:14.0"
262485,46698,32,"2020-06-12 17:09:14.0"
262486,46698,30,"2020-06-12 17:09:14.0"
262487,46698,35,"2020-06-12 17:09:14.0"
262488,46698,38,"2020-06-12 17:09:14.0"
262489,46698,39,"2020-06-12 17:09:14.0"
262490,46698,31,"2020-06-12 17:09:14.0"
262491,46698,28,"2020-06-12 17:09:14.0"
262492,46698,41,"2020-06-12 17:09:14.0"
262493,46698,37,"2020-06-12 17:09:14.0"
262494,46698,33,"2020-06-12 17:09:14.0"
262495,46698,40,"2020-06-12 17:09:14.0"
262496,46698,42,"2020-06-12 17:09:14.0"
262497,46698,36,"2020-06-12 17:09:14.0"
262568,64151,0,"2020-06-10 17:20:19.0"
262569,64151,1,"2020-06-10 17:20:19.0"
262570,64151,5,"2020-06-10 17:20:19.0"
262571,64151,6,"2020-06-10 17:20:19.0"
262572,64151,8,"2020-06-10 17:20:19.0"
262573,64151,10,"2020-06-10 17:20:19.0"
262574,64151,9,"2020-06-10 17:20:19.0"
262575,64151,7,"2020-06-10 17:20:19.0"
262576,64151,2,"2020-06-10 17:20:19.0"
262577,64151,3,"2020-06-10 17:20:19.0"
262578,64151,4,"2020-06-10 17:20:19.0"
262579,64151,11,"2020-06-10 17:20:19.0"
262580,64151,12,"2020-06-10 17:20:19.0"
262581,64151,14,"2020-06-10 17:20:19.0"
262582,64151,13,"2020-06-10 17:20:19.0"
262583,64151,15,"2020-06-10 17:20:19.0"
262584,64151,16,"2020-06-10 17:20:19.0"
262586,64151,17,"2020-06-10 17:20:19.0"
262587,64151,18,"2020-06-10 17:20:19.0"
262588,64151,19,"2020-06-10 17:20:19.0"
262589,64151,21,"2020-06-10 17:20:19.0"
262590,64151,22,"2020-06-10 17:20:19.0"
262591,64151,23,"2020-06-10 17:20:19.0"
262592,64151,24,"2020-06-10 17:20:19.0"
262593,64151,25,"2020-06-10 17:20:19.0"
262594,64151,20,"2020-06-10 17:20:19.0"
262595,64151,26,"2020-06-10 17:20:19.0"
262596,64151,27,"2020-06-10 17:20:19.0"
262597,64151,28,"2020-06-10 17:20:19.0"
262598,64151,29,"2020-06-10 17:20:19.0"
262599,64151,30,"2020-06-10 17:20:19.0"
262600,64151,31,"2020-06-10 17:20:19.0"
262601,64151,32,"2020-06-10 17:20:19.0"
262602,64151,33,"2020-06-10 17:20:19.0"
262603,64151,34,"2020-06-10 17:20:19.0"
262604,64151,35,"2020-06-10 17:20:19.0"
262605,64151,36,"2020-06-10 17:20:19.0"
262633,64151,37,"2020-06-10 17:20:19.0"
262634,64151,38,"2020-06-10 17:20:19.0"
262635,64151,39,"2020-06-10 17:20:19.0"
262636,64151,40,"2020-06-10 17:20:19.0"
262637,64151,41,"2020-06-10 17:20:19.0"
262638,64151,42,"2020-06-10 17:20:19.0"
262639,64151,43,"2020-06-10 17:20:19.0"
262690,25178,0,"2020-06-17 09:30:17.0"
262691,25178,1,"2020-06-17 09:30:17.0"
262692,25178,6,"2020-06-17 09:30:17.0"
262693,25178,7,"2020-06-17 09:30:17.0"
262694,25178,9,"2020-06-17 09:30:17.0"
262695,25178,10,"2020-06-17 09:30:17.0"
262696,25178,11,"2020-06-17 09:30:17.0"
262697,25178,8,"2020-06-17 09:30:17.0"
262698,25178,3,"2020-06-17 09:30:17.0"
262699,25178,4,"2020-06-17 09:30:17.0"
262700,25178,5,"2020-06-17 09:30:17.0"
262701,25178,12,"2020-06-17 09:30:17.0"
262702,25178,13,"2020-06-17 09:30:17.0"
262703,25178,15,"2020-06-17 09:30:17.0"
262704,25178,14,"2020-06-17 09:30:17.0"
262705,25178,16,"2020-06-17 09:30:17.0"
262706,25178,17,"2020-06-17 09:30:17.0"
262708,25178,18,"2020-06-17 09:30:17.0"
262709,25178,19,"2020-06-17 09:30:17.0"
262710,25178,20,"2020-06-17 09:30:17.0"
262711,25178,22,"2020-06-17 09:30:17.0"
262712,25178,23,"2020-06-17 09:30:17.0"
262713,25178,24,"2020-06-17 09:30:17.0"
262714,25178,25,"2020-06-17 09:30:17.0"
262715,25178,26,"2020-06-17 09:30:17.0"
262716,25178,21,"2020-06-17 09:30:17.0"
262717,25178,2,"2020-06-17 09:30:17.0"
262718,25178,27,"2020-06-17 09:30:17.0"
262719,25178,28,"2020-06-17 09:30:17.0"
262720,25178,42,"2020-06-17 09:30:17.0"
262721,25178,35,"2020-06-17 09:30:17.0"
262722,25178,38,"2020-06-17 09:30:17.0"
262723,25178,34,"2020-06-17 09:30:17.0"
262724,25178,41,"2020-06-17 09:30:17.0"
262725,25178,44,"2020-06-17 09:30:17.0"
262726,25178,30,"2020-06-17 09:30:17.0"
262727,25178,43,"2020-06-17 09:30:17.0"
262728,25178,37,"2020-06-17 09:30:17.0"
262729,25178,33,"2020-06-17 09:30:17.0"
262730,25178,31,"2020-06-17 09:30:17.0"
262731,25178,36,"2020-06-17 09:30:17.0"
262732,25178,39,"2020-06-17 09:30:17.0"
262733,25178,40,"2020-06-17 09:30:17.0"
262734,25178,32,"2020-06-17 09:30:17.0"
262735,25178,29,"2020-06-17 09:30:17.0"
262990,11654,0,"2020-06-17 09:30:13.0"
262991,11654,1,"2020-06-17 09:30:13.0"
262992,11654,5,"2020-06-17 09:30:13.0"
262993,11654,6,"2020-06-17 09:30:13.0"
262994,11654,8,"2020-06-17 09:30:13.0"
262995,11654,9,"2020-06-17 09:30:13.0"
262996,11654,10,"2020-06-17 09:30:13.0"
262997,11654,7,"2020-06-17 09:30:13.0"
262998,11654,2,"2020-06-17 09:30:13.0"
262999,11654,3,"2020-06-17 09:30:13.0"
263000,11654,4,"2020-06-17 09:30:13.0"
263001,11654,11,"2020-06-17 09:30:13.0"
263002,11654,12,"2020-06-17 09:30:13.0"
263003,11654,14,"2020-06-17 09:30:13.0"
263004,11654,13,"2020-06-17 09:30:13.0"
263005,11654,15,"2020-06-17 09:30:13.0"
263006,11654,16,"2020-06-17 09:30:13.0"
263008,11654,17,"2020-06-17 09:30:13.0"
263009,11654,18,"2020-06-17 09:30:13.0"
263010,11654,19,"2020-06-17 09:30:13.0"
263011,11654,21,"2020-06-17 09:30:13.0"
263012,11654,22,"2020-06-17 09:30:13.0"
263013,11654,23,"2020-06-17 09:30:13.0"
263014,11654,24,"2020-06-17 09:30:13.0"
263015,11654,25,"2020-06-17 09:30:13.0"
263016,11654,20,"2020-06-17 09:30:13.0"
263298,11654,26,"2020-06-17 09:30:13.0"
263299,11654,27,"2020-06-17 09:30:13.0"
263300,11654,28,"2020-06-17 09:30:13.0"
263301,11654,29,"2020-06-17 09:30:13.0"
263302,11654,30,"2020-06-17 09:30:13.0"
263303,11654,31,"2020-06-17 09:30:13.0"
263304,11654,32,"2020-06-17 09:30:13.0"
263305,11654,33,"2020-06-17 09:30:13.0"
263306,11654,34,"2020-06-17 09:30:13.0"
263308,11654,35,"2020-06-17 09:30:13.0"
263309,11654,36,"2020-06-17 09:30:13.0"
263310,11654,37,"2020-06-17 09:30:13.0"
263311,11654,38,"2020-06-17 09:30:13.0"
263312,11654,39,"2020-06-17 09:30:13.0"
263313,11654,40,"2020-06-17 09:30:13.0"
263314,11654,41,"2020-06-17 09:30:13.0"
263315,11654,42,"2020-06-17 09:30:13.0"
263316,11654,43,"2020-06-17 09:30:13.0"
263317,36731,0,"2020-06-17 09:29:32.0"
263318,36731,1,"2020-06-17 09:29:32.0"
263319,36731,5,"2020-06-17 09:29:32.0"
263320,36731,6,"2020-06-17 09:29:32.0"
263321,36731,8,"2020-06-17 09:29:32.0"
263322,36731,10,"2020-06-17 09:29:32.0"
263323,36731,9,"2020-06-17 09:29:32.0"
263324,36731,7,"2020-06-17 09:29:32.0"
263325,36731,2,"2020-06-17 09:29:32.0"
263326,36731,3,"2020-06-17 09:29:32.0"
263327,36731,4,"2020-06-17 09:29:32.0"
263328,36731,11,"2020-06-17 09:29:32.0"
263329,36731,12,"2020-06-17 09:29:32.0"
263330,36731,14,"2020-06-17 09:29:32.0"
263331,36731,13,"2020-06-17 09:29:32.0"
263332,36731,15,"2020-06-17 09:29:32.0"
263333,36731,16,"2020-06-17 09:29:32.0"
263335,36731,17,"2020-06-17 09:29:32.0"
263336,36731,18,"2020-06-17 09:29:32.0"
263337,36731,19,"2020-06-17 09:29:32.0"
263338,36731,21,"2020-06-17 09:29:32.0"
263339,36731,22,"2020-06-17 09:29:32.0"
263340,36731,23,"2020-06-17 09:29:32.0"
263341,36731,24,"2020-06-17 09:29:32.0"
263342,36731,25,"2020-06-17 09:29:32.0"
263343,36731,20,"2020-06-17 09:29:32.0"
263344,36731,26,"2020-06-17 09:29:32.0"
263345,36731,27,"2020-06-17 09:29:32.0"
263346,36731,28,"2020-06-17 09:29:32.0"
263347,36731,29,"2020-06-17 09:29:32.0"
263348,36731,30,"2020-06-17 09:29:32.0"
263349,36731,31,"2020-06-17 09:29:32.0"
263350,36731,32,"2020-06-17 09:29:32.0"
263370,36731,33,"2020-06-17 09:29:32.0"
263371,36731,34,"2020-06-17 09:29:32.0"
263372,36731,35,"2020-06-17 09:29:32.0"
263373,36731,36,"2020-06-17 09:29:32.0"
263393,36731,37,"2020-06-17 09:29:32.0"
263394,36731,38,"2020-06-17 09:29:32.0"
263395,36731,39,"2020-06-17 09:29:32.0"
263396,36731,40,"2020-06-17 09:29:32.0"
263416,36731,41,"2020-06-17 09:29:32.0"
263417,36731,42,"2020-06-17 09:29:32.0"
263418,36731,43,"2020-06-17 09:29:32.0"
263602,71828,0,"2020-06-17 09:29:35.0"
263603,71828,1,"2020-06-17 09:29:35.0"
263604,71828,5,"2020-06-17 09:29:35.0"
263605,71828,6,"2020-06-17 09:29:35.0"
263606,71828,8,"2020-06-17 09:29:35.0"
263607,71828,10,"2020-06-17 09:29:35.0"
263608,71828,9,"2020-06-17 09:29:35.0"
263609,71828,7,"2020-06-17 09:29:35.0"
263610,71828,2,"2020-06-17 09:29:35.0"
263611,71828,3,"2020-06-17 09:29:35.0"
263612,71828,4,"2020-06-17 09:29:35.0"
263613,71828,11,"2020-06-17 09:29:35.0"
263614,71828,12,"2020-06-17 09:29:35.0"
263615,71828,14,"2020-06-17 09:29:35.0"
263616,71828,13,"2020-06-17 09:29:35.0"
263617,71828,15,"2020-06-17 09:29:35.0"
263618,71828,16,"2020-06-17 09:29:35.0"
263619,71828,17,"2020-06-17 09:29:35.0"
263620,71828,18,"2020-06-17 09:29:35.0"
263621,71828,19,"2020-06-17 09:29:35.0"
263622,71828,21,"2020-06-17 09:29:35.0"
263623,71828,22,"2020-06-17 09:29:35.0"
263624,71828,23,"2020-06-17 09:29:35.0"
263625,71828,24,"2020-06-17 09:29:35.0"
263626,71828,25,"2020-06-17 09:29:35.0"
263627,71828,20,"2020-06-17 09:29:35.0"
263628,71828,26,"2020-06-17 09:29:35.0"
263629,71828,27,"2020-06-17 09:29:35.0"
263630,71828,41,"2020-06-17 09:29:35.0"
263631,71828,34,"2020-06-17 09:29:35.0"
263632,71828,37,"2020-06-17 09:29:35.0"
263633,71828,33,"2020-06-17 09:29:35.0"
263634,71828,40,"2020-06-17 09:29:35.0"
263635,71828,43,"2020-06-17 09:29:35.0"
263636,71828,29,"2020-06-17 09:29:35.0"
263637,71828,42,"2020-06-17 09:29:35.0"
263638,71828,36,"2020-06-17 09:29:35.0"
263642,71828,32,"2020-06-17 09:29:35.0"
263653,71828,30,"2020-06-17 09:29:35.0"
263662,71828,35,"2020-06-17 09:29:35.0"
263668,71828,38,"2020-06-17 09:29:35.0"
263669,71828,39,"2020-06-17 09:29:35.0"
263670,71828,31,"2020-06-17 09:29:35.0"
263671,71828,28,"2020-06-17 09:29:35.0"
263737,55597,1,"2020-06-17 09:29:42.0"
263738,55597,0,"2020-06-17 09:29:42.0"
263739,55597,5,"2020-06-17 09:29:42.0"
263740,55597,6,"2020-06-17 09:29:42.0"
263741,55597,8,"2020-06-17 09:29:42.0"
263742,55597,10,"2020-06-17 09:29:42.0"
263743,55597,9,"2020-06-17 09:29:42.0"
263744,55597,7,"2020-06-17 09:29:42.0"
263745,55597,2,"2020-06-17 09:29:42.0"
263746,55597,3,"2020-06-17 09:29:42.0"
263747,55597,4,"2020-06-17 09:29:42.0"
263748,55597,11,"2020-06-17 09:29:42.0"
263749,55597,12,"2020-06-17 09:29:42.0"
263750,55597,14,"2020-06-17 09:29:42.0"
263751,55597,13,"2020-06-17 09:29:42.0"
263752,55597,15,"2020-06-17 09:29:42.0"
263753,55597,16,"2020-06-17 09:29:42.0"
263755,55597,17,"2020-06-17 09:29:42.0"
263756,55597,18,"2020-06-17 09:29:42.0"
263757,55597,19,"2020-06-17 09:29:42.0"
263758,55597,21,"2020-06-17 09:29:42.0"
263759,55597,22,"2020-06-17 09:29:42.0"
263760,55597,23,"2020-06-17 09:29:42.0"
263761,55597,24,"2020-06-17 09:29:42.0"
263762,55597,25,"2020-06-17 09:29:42.0"
263763,55597,20,"2020-06-17 09:29:42.0"
263764,55597,26,"2020-06-17 09:29:42.0"
263765,55597,27,"2020-06-17 09:29:42.0"
263766,55597,28,"2020-06-17 09:29:42.0"
263767,55597,29,"2020-06-17 09:29:42.0"
263768,55597,30,"2020-06-17 09:29:42.0"
263769,55597,31,"2020-06-17 09:29:42.0"
263770,55597,32,"2020-06-17 09:29:42.0"
263771,55597,33,"2020-06-17 09:29:42.0"
263772,55597,34,"2020-06-17 09:29:42.0"
263773,55597,35,"2020-06-17 09:29:42.0"
263774,55597,36,"2020-06-17 09:29:42.0"
263775,55597,37,"2020-06-17 09:29:42.0"
263776,55597,38,"2020-06-17 09:29:42.0"
263777,55597,39,"2020-06-17 09:29:42.0"
263778,55597,40,"2020-06-17 09:29:42.0"
263779,55597,41,"2020-06-17 09:29:42.0"
263780,55597,42,"2020-06-17 09:29:42.0"
263781,55597,43,"2020-06-17 09:29:42.0"
263782,77935,0,"2020-06-17 09:29:38.0"
263783,77935,1,"2020-06-17 09:29:38.0"
263784,77935,5,"2020-06-17 09:29:38.0"
263785,77935,6,"2020-06-17 09:29:38.0"
263786,77935,8,"2020-06-17 09:29:38.0"
263787,77935,10,"2020-06-17 09:29:38.0"
263788,77935,9,"2020-06-17 09:29:38.0"
263789,77935,7,"2020-06-17 09:29:38.0"
263790,77935,2,"2020-06-17 09:29:38.0"
263791,77935,3,"2020-06-17 09:29:38.0"
263792,77935,4,"2020-06-17 09:29:38.0"
263793,77935,11,"2020-06-17 09:29:38.0"
263794,77935,12,"2020-06-17 09:29:38.0"
263795,77935,14,"2020-06-17 09:29:38.0"
263796,77935,13,"2020-06-17 09:29:38.0"
263797,77935,15,"2020-06-17 09:29:38.0"
263798,77935,16,"2020-06-17 09:29:38.0"
263800,77935,17,"2020-06-17 09:29:38.0"
263801,77935,18,"2020-06-17 09:29:38.0"
263802,77935,19,"2020-06-17 09:29:38.0"
263803,77935,21,"2020-06-17 09:29:38.0"
263804,77935,22,"2020-06-17 09:29:38.0"
263805,77935,23,"2020-06-17 09:29:38.0"
263806,77935,24,"2020-06-17 09:29:38.0"
263807,77935,25,"2020-06-17 09:29:38.0"
263808,77935,20,"2020-06-17 09:29:38.0"
263822,77935,26,"2020-06-17 09:29:38.0"
263823,77935,27,"2020-06-17 09:29:38.0"
263824,77935,28,"2020-06-17 09:29:38.0"
263827,77935,29,"2020-06-17 09:29:38.0"
263828,77935,30,"2020-06-17 09:29:38.0"
263830,77935,31,"2020-06-17 09:29:38.0"
263831,77935,32,"2020-06-17 09:29:38.0"
263833,77935,33,"2020-06-17 09:29:38.0"
263834,77935,34,"2020-06-17 09:29:38.0"
263836,77935,35,"2020-06-17 09:29:39.0"
263837,77935,36,"2020-06-17 09:29:39.0"
263838,77935,37,"2020-06-17 09:29:39.0"
263839,77935,38,"2020-06-17 09:29:39.0"
263840,77935,39,"2020-06-17 09:29:39.0"
263841,77935,40,"2020-06-17 09:29:39.0"
263843,77935,41,"2020-06-17 09:29:39.0"
263844,77935,42,"2020-06-17 09:29:39.0"
263845,77935,43,"2020-06-17 09:29:39.0"
263979,73529,2,"2020-06-17 09:29:50.0"
263980,73529,0,"2020-06-17 09:29:50.0"
263981,73529,5,"2020-06-17 09:29:50.0"
263982,73529,6,"2020-06-17 09:29:50.0"
263983,73529,8,"2020-06-17 09:29:50.0"
263984,73529,10,"2020-06-17 09:29:50.0"
263985,73529,9,"2020-06-17 09:29:50.0"
263986,73529,7,"2020-06-17 09:29:50.0"
263987,73529,1,"2020-06-17 09:29:50.0"
263988,73529,3,"2020-06-17 09:29:50.0"
263989,73529,4,"2020-06-17 09:29:50.0"
263990,73529,11,"2020-06-17 09:29:50.0"
263991,73529,12,"2020-06-17 09:29:50.0"
263992,73529,14,"2020-06-17 09:29:50.0"
263993,73529,13,"2020-06-17 09:29:50.0"
263994,73529,15,"2020-06-17 09:29:50.0"
263995,73529,16,"2020-06-17 09:29:50.0"
263997,73529,17,"2020-06-17 09:29:50.0"
263998,73529,18,"2020-06-17 09:29:50.0"
263999,73529,19,"2020-06-17 09:29:50.0"
264000,73529,21,"2020-06-17 09:29:50.0"
264001,73529,22,"2020-06-17 09:29:50.0"
264002,73529,23,"2020-06-17 09:29:50.0"
264003,73529,24,"2020-06-17 09:29:50.0"
264004,73529,25,"2020-06-17 09:29:50.0"
264005,73529,20,"2020-06-17 09:29:50.0"
264006,73529,26,"2020-06-17 09:29:50.0"
264007,73529,27,"2020-06-17 09:29:50.0"
264008,73529,28,"2020-06-17 09:29:50.0"
264009,73529,29,"2020-06-17 09:29:50.0"
264010,73529,30,"2020-06-17 09:29:50.0"
264011,73529,31,"2020-06-17 09:29:50.0"
264012,73529,32,"2020-06-17 09:29:50.0"
264013,73529,33,"2020-06-17 09:29:50.0"
264014,73529,34,"2020-06-17 09:29:50.0"
264015,73529,35,"2020-06-17 09:29:50.0"
264016,73529,36,"2020-06-17 09:29:50.0"
264017,73529,37,"2020-06-17 09:29:50.0"
264018,73529,38,"2020-06-17 09:29:50.0"
264019,73529,39,"2020-06-17 09:29:50.0"
264020,73529,40,"2020-06-17 09:29:50.0"
264021,73529,41,"2020-06-17 09:29:50.0"
264022,73529,42,"2020-06-17 09:29:50.0"
264023,73529,43,"2020-06-17 09:29:50.0"
264024,21187,2,"2020-06-17 09:29:53.0"
264025,21187,0,"2020-06-17 09:29:53.0"
264026,21187,5,"2020-06-17 09:29:53.0"
264027,21187,6,"2020-06-17 09:29:53.0"
264028,21187,8,"2020-06-17 09:29:53.0"
264029,21187,10,"2020-06-17 09:29:53.0"
264030,21187,9,"2020-06-17 09:29:53.0"
264031,21187,7,"2020-06-17 09:29:53.0"
264032,21187,1,"2020-06-17 09:29:53.0"
264033,21187,3,"2020-06-17 09:29:53.0"
264034,21187,4,"2020-06-17 09:29:53.0"
264035,21187,11,"2020-06-17 09:29:53.0"
264036,21187,12,"2020-06-17 09:29:53.0"
264037,21187,14,"2020-06-17 09:29:53.0"
264038,21187,13,"2020-06-17 09:29:53.0"
264039,21187,15,"2020-06-17 09:29:53.0"
264040,21187,16,"2020-06-17 09:29:53.0"
264042,21187,17,"2020-06-17 09:29:53.0"
264043,21187,18,"2020-06-17 09:29:53.0"
264044,21187,19,"2020-06-17 09:29:53.0"
264045,21187,21,"2020-06-17 09:29:53.0"
264046,21187,22,"2020-06-17 09:29:53.0"
264047,21187,23,"2020-06-17 09:29:53.0"
264048,21187,24,"2020-06-17 09:29:53.0"
264049,21187,25,"2020-06-17 09:29:53.0"
264050,21187,20,"2020-06-17 09:29:53.0"
264051,21187,26,"2020-06-17 09:29:53.0"
264052,21187,27,"2020-06-17 09:29:53.0"
264053,21187,28,"2020-06-17 09:29:53.0"
264054,21187,29,"2020-06-17 09:29:53.0"
264055,21187,30,"2020-06-17 09:29:53.0"
264056,21187,31,"2020-06-17 09:29:53.0"
264057,21187,32,"2020-06-17 09:29:53.0"
264058,21187,33,"2020-06-17 09:29:53.0"
264059,21187,34,"2020-06-17 09:29:53.0"
264060,21187,35,"2020-06-17 09:29:53.0"
264061,21187,36,"2020-06-17 09:29:53.0"
264062,21187,37,"2020-06-17 09:29:53.0"
264063,21187,38,"2020-06-17 09:29:53.0"
264064,21187,39,"2020-06-17 09:29:54.0"
264065,21187,40,"2020-06-17 09:29:54.0"
264066,21187,41,"2020-06-17 09:29:54.0"
264067,21187,42,"2020-06-17 09:29:54.0"
264068,21187,43,"2020-06-17 09:29:54.0"
264069,13257,2,"2020-06-17 09:29:47.0"
264070,13257,0,"2020-06-17 09:29:47.0"
264071,13257,5,"2020-06-17 09:29:47.0"
264072,13257,6,"2020-06-17 09:29:47.0"
264073,13257,8,"2020-06-17 09:29:47.0"
264074,13257,10,"2020-06-17 09:29:47.0"
264075,13257,9,"2020-06-17 09:29:47.0"
264076,13257,7,"2020-06-17 09:29:47.0"
264077,13257,1,"2020-06-17 09:29:47.0"
264078,13257,3,"2020-06-17 09:29:47.0"
264079,13257,4,"2020-06-17 09:29:47.0"
264080,13257,11,"2020-06-17 09:29:47.0"
264081,13257,12,"2020-06-17 09:29:47.0"
264082,13257,14,"2020-06-17 09:29:47.0"
264083,13257,13,"2020-06-17 09:29:47.0"
264084,13257,15,"2020-06-17 09:29:47.0"
264085,13257,16,"2020-06-17 09:29:47.0"
264087,13257,17,"2020-06-17 09:29:47.0"
264088,13257,18,"2020-06-17 09:29:47.0"
264089,13257,19,"2020-06-17 09:29:47.0"
264090,13257,21,"2020-06-17 09:29:47.0"
264091,13257,22,"2020-06-17 09:29:47.0"
264092,13257,23,"2020-06-17 09:29:47.0"
264093,13257,24,"2020-06-17 09:29:47.0"
264094,13257,25,"2020-06-17 09:29:47.0"
264095,13257,20,"2020-06-17 09:29:47.0"
264096,13257,26,"2020-06-17 09:29:47.0"
264097,13257,27,"2020-06-17 09:29:47.0"
264098,13257,28,"2020-06-17 09:29:47.0"
264099,13257,29,"2020-06-17 09:29:47.0"
264100,13257,30,"2020-06-17 09:29:47.0"
264101,13257,31,"2020-06-17 09:29:47.0"
264102,13257,32,"2020-06-17 09:29:47.0"
264103,13257,33,"2020-06-17 09:29:47.0"
264104,13257,34,"2020-06-17 09:29:47.0"
264105,13257,35,"2020-06-17 09:29:47.0"
264106,13257,36,"2020-06-17 09:29:47.0"
264107,13257,37,"2020-06-17 09:29:47.0"
264108,13257,38,"2020-06-17 09:29:47.0"
264109,13257,39,"2020-06-17 09:29:47.0"
264110,13257,40,"2020-06-17 09:29:47.0"
264138,13257,41,"2020-06-17 09:29:47.0"
264139,13257,42,"2020-06-17 09:29:47.0"
264140,13257,43,"2020-06-17 09:29:47.0"
264141,25222,0,"2020-06-17 09:29:57.0"
264142,25222,1,"2020-06-17 09:29:57.0"
264143,25222,5,"2020-06-17 09:29:57.0"
264144,25222,6,"2020-06-17 09:29:57.0"
264145,25222,8,"2020-06-17 09:29:57.0"
264146,25222,10,"2020-06-17 09:29:57.0"
264147,25222,9,"2020-06-17 09:29:57.0"
264148,25222,7,"2020-06-17 09:29:57.0"
264149,25222,2,"2020-06-17 09:29:57.0"
264150,25222,3,"2020-06-17 09:29:57.0"
264151,25222,4,"2020-06-17 09:29:57.0"
264152,25222,11,"2020-06-17 09:29:57.0"
264153,25222,12,"2020-06-17 09:29:57.0"
264154,25222,14,"2020-06-17 09:29:57.0"
264155,25222,13,"2020-06-17 09:29:57.0"
264156,25222,15,"2020-06-17 09:29:57.0"
264157,25222,16,"2020-06-17 09:29:57.0"
264159,25222,18,"2020-06-17 09:29:57.0"
264160,25222,19,"2020-06-17 09:29:57.0"
264161,25222,20,"2020-06-17 09:29:57.0"
264162,25222,22,"2020-06-17 09:29:57.0"
264163,25222,23,"2020-06-17 09:29:57.0"
264164,25222,24,"2020-06-17 09:29:57.0"
264165,25222,25,"2020-06-17 09:29:57.0"
264166,25222,26,"2020-06-17 09:29:57.0"
264167,25222,21,"2020-06-17 09:29:57.0"
264168,25222,27,"2020-06-17 09:29:57.0"
264169,25222,28,"2020-06-17 09:29:57.0"
264170,25222,42,"2020-06-17 09:29:57.0"
264171,25222,35,"2020-06-17 09:29:57.0"
264172,25222,41,"2020-06-17 09:29:57.0"
264173,25222,33,"2020-06-17 09:29:57.0"
264174,25222,44,"2020-06-17 09:29:57.0"
264175,25222,34,"2020-06-17 09:29:57.0"
264176,25222,38,"2020-06-17 09:29:57.0"
264177,25222,40,"2020-06-17 09:29:57.0"
264178,25222,32,"2020-06-17 09:29:57.0"
264179,25222,39,"2020-06-17 09:29:57.0"
264180,25222,36,"2020-06-17 09:29:57.0"
264181,25222,29,"2020-06-17 09:29:57.0"
264182,25222,37,"2020-06-17 09:29:57.0"
264183,25222,30,"2020-06-17 09:29:57.0"
264184,25222,43,"2020-06-17 09:29:57.0"
264185,25222,31,"2020-06-17 09:29:57.0"
264213,59252,2,"2020-06-17 09:30:00.0"
264214,59252,0,"2020-06-17 09:30:00.0"
264215,59252,5,"2020-06-17 09:30:00.0"
264216,59252,6,"2020-06-17 09:30:00.0"
264217,59252,8,"2020-06-17 09:30:00.0"
264218,59252,9,"2020-06-17 09:30:00.0"
264219,59252,10,"2020-06-17 09:30:00.0"
264220,59252,7,"2020-06-17 09:30:00.0"
264221,59252,1,"2020-06-17 09:30:00.0"
264222,59252,3,"2020-06-17 09:30:00.0"
264223,59252,4,"2020-06-17 09:30:00.0"
264228,59252,11,"2020-06-17 09:30:00.0"
264229,59252,12,"2020-06-17 09:30:00.0"
264230,59252,13,"2020-06-17 09:30:00.0"
264231,59252,14,"2020-06-17 09:30:00.0"
264232,59252,15,"2020-06-17 09:30:00.0"
264233,59252,16,"2020-06-17 09:30:00.0"
264235,59252,17,"2020-06-17 09:30:00.0"
264236,59252,18,"2020-06-17 09:30:00.0"
264237,59252,19,"2020-06-17 09:30:00.0"
264238,59252,20,"2020-06-17 09:30:00.0"
264239,59252,21,"2020-06-17 09:30:00.0"
264240,59252,22,"2020-06-17 09:30:00.0"
264241,59252,23,"2020-06-17 09:30:00.0"
264242,59252,24,"2020-06-17 09:30:00.0"
264243,59252,25,"2020-06-17 09:30:00.0"
264268,59252,26,"2020-06-17 09:30:00.0"
264269,91911,0,"2020-06-17 09:29:27.0"
264270,91911,1,"2020-06-17 09:29:27.0"
264271,91911,6,"2020-06-17 09:29:27.0"
264272,91911,7,"2020-06-17 09:29:27.0"
264273,91911,9,"2020-06-17 09:29:27.0"
264274,91911,11,"2020-06-17 09:29:27.0"
264275,91911,10,"2020-06-17 09:29:27.0"
264276,91911,8,"2020-06-17 09:29:27.0"
264277,91911,3,"2020-06-17 09:29:27.0"
264278,91911,4,"2020-06-17 09:29:27.0"
264279,91911,5,"2020-06-17 09:29:27.0"
264280,91911,12,"2020-06-17 09:29:27.0"
264281,91911,13,"2020-06-17 09:29:27.0"
264282,91911,15,"2020-06-17 09:29:27.0"
264283,91911,14,"2020-06-17 09:29:27.0"
264284,91911,16,"2020-06-17 09:29:27.0"
264285,91911,17,"2020-06-17 09:29:27.0"
264287,91911,18,"2020-06-17 09:29:27.0"
264288,91911,19,"2020-06-17 09:29:27.0"
264289,91911,20,"2020-06-17 09:29:27.0"
264290,91911,22,"2020-06-17 09:29:27.0"
264291,91911,23,"2020-06-17 09:29:27.0"
264292,91911,24,"2020-06-17 09:29:27.0"
264293,91911,25,"2020-06-17 09:29:27.0"
264294,91911,26,"2020-06-17 09:29:27.0"
264295,91911,21,"2020-06-17 09:29:27.0"
264296,91911,27,"2020-06-17 09:29:27.0"
264297,91911,28,"2020-06-17 09:29:27.0"
264298,91911,42,"2020-06-17 09:29:27.0"
264299,91911,35,"2020-06-17 09:29:27.0"
264300,91911,33,"2020-06-17 09:29:27.0"
264301,91911,44,"2020-06-17 09:29:27.0"
264302,91911,34,"2020-06-17 09:29:27.0"
264303,91911,41,"2020-06-17 09:29:27.0"
264304,91911,32,"2020-06-17 09:29:27.0"
264305,91911,39,"2020-06-17 09:29:27.0"
264306,91911,36,"2020-06-17 09:29:27.0"
264307,91911,29,"2020-06-17 09:29:27.0"
264308,91911,37,"2020-06-17 09:29:27.0"
264309,91911,40,"2020-06-17 09:29:27.0"
264310,91911,30,"2020-06-17 09:29:27.0"
264311,91911,43,"2020-06-17 09:29:27.0"
264312,91911,38,"2020-06-17 09:29:27.0"
264313,91911,31,"2020-06-17 09:29:27.0"
264314,59252,27,"2020-06-17 09:30:00.0"
264315,59252,28,"2020-06-17 09:30:00.0"
264316,59252,29,"2020-06-17 09:30:00.0"
264317,59252,30,"2020-06-17 09:30:00.0"
264318,59252,31,"2020-06-17 09:30:00.0"
264319,59252,32,"2020-06-17 09:30:00.0"
264320,59252,33,"2020-06-17 09:30:00.0"
264321,59252,34,"2020-06-17 09:30:00.0"
264322,91911,2,"2020-06-17 09:29:27.0"
264323,59252,35,"2020-06-17 09:30:00.0"
264324,59252,36,"2020-06-17 09:30:00.0"
264325,59252,37,"2020-06-17 09:30:00.0"
264326,59252,38,"2020-06-17 09:30:00.0"
264327,59252,39,"2020-06-17 09:30:00.0"
264328,59252,40,"2020-06-17 09:30:00.0"
264329,59252,41,"2020-06-17 09:30:00.0"
264330,59252,42,"2020-06-17 09:30:00.0"
264331,59252,43,"2020-06-17 09:30:00.0"
269561,48543,0,"2020-06-30 09:35:20.0"
269562,48543,1,"2020-06-30 09:35:20.0"
269563,48543,5,"2020-06-30 09:35:20.0"
269564,48543,6,"2020-06-30 09:35:20.0"
269565,48543,8,"2020-06-30 09:35:20.0"
269566,48543,10,"2020-06-30 09:35:20.0"
269567,48543,9,"2020-06-30 09:35:20.0"
269568,48543,7,"2020-06-30 09:35:20.0"
269569,48543,2,"2020-06-30 09:35:20.0"
269570,48543,3,"2020-06-30 09:35:20.0"
269571,48543,4,"2020-06-30 09:35:20.0"
269580,48543,11,"2020-06-30 09:35:20.0"
269581,48543,12,"2020-06-30 09:35:20.0"
269582,48543,13,"2020-06-30 09:35:20.0"
269583,48543,14,"2020-06-30 09:35:20.0"
269584,48543,15,"2020-06-30 09:35:20.0"
269585,48543,16,"2020-06-30 09:35:20.0"
269586,48543,17,"2020-06-30 09:35:20.0"
269587,48543,18,"2020-06-30 09:35:20.0"
269588,48543,19,"2020-06-30 09:35:20.0"
269589,48543,20,"2020-06-30 09:35:20.0"
269590,48543,21,"2020-06-30 09:35:20.0"
269591,48543,22,"2020-06-30 09:35:20.0"
269592,48543,23,"2020-06-30 09:35:20.0"
269593,48543,24,"2020-06-30 09:35:20.0"
269594,48543,25,"2020-06-30 09:35:20.0"
269595,48543,26,"2020-06-30 09:35:20.0"
269596,48543,27,"2020-06-30 09:35:20.0"
269597,48543,28,"2020-06-30 09:35:20.0"
269598,48543,29,"2020-06-30 09:35:20.0"
269599,48543,30,"2020-06-30 09:35:20.0"
269600,48543,31,"2020-06-30 09:35:21.0"
269601,48543,32,"2020-06-30 09:35:21.0"
269602,48543,33,"2020-06-30 09:35:21.0"
269603,48543,34,"2020-06-30 09:35:21.0"
269604,48543,35,"2020-06-30 09:35:21.0"
269605,48543,36,"2020-06-30 09:35:21.0"
269606,48543,37,"2020-06-30 09:35:21.0"
269607,48543,38,"2020-06-30 09:35:21.0"
269608,48543,39,"2020-06-30 09:35:21.0"
269609,48543,40,"2020-06-30 09:35:21.0"
269610,48543,41,"2020-06-30 09:35:21.0"
269611,48543,42,"2020-06-30 09:35:21.0"
269612,48543,43,"2020-06-30 09:35:21.0"
269613,94843,1,"2020-06-30 09:35:06.0"
269614,94843,0,"2020-06-30 09:35:06.0"
269615,94843,8,"2020-06-30 09:35:06.0"
269616,94843,10,"2020-06-30 09:35:06.0"
269617,94843,11,"2020-06-30 09:35:06.0"
269618,94843,12,"2020-06-30 09:35:06.0"
269619,94843,4,"2020-06-30 09:35:06.0"
269620,94843,2,"2020-06-30 09:35:06.0"
269621,94843,5,"2020-06-30 09:35:06.0"
269622,94843,9,"2020-06-30 09:35:06.0"
269623,94843,3,"2020-06-30 09:35:06.0"
269624,94843,7,"2020-06-30 09:35:06.0"
269625,94843,6,"2020-06-30 09:35:06.0"
269629,94843,13,"2020-06-30 09:35:06.0"
269630,94843,14,"2020-06-30 09:35:06.0"
269631,94843,15,"2020-06-30 09:35:06.0"
269632,94843,16,"2020-06-30 09:35:06.0"
269633,94843,17,"2020-06-30 09:35:06.0"
269634,94843,18,"2020-06-30 09:35:06.0"
269635,94843,19,"2020-06-30 09:35:06.0"
269636,94843,20,"2020-06-30 09:35:06.0"
269637,94843,21,"2020-06-30 09:35:06.0"
269638,94843,22,"2020-06-30 09:35:06.0"
269639,94843,23,"2020-06-30 09:35:06.0"
269640,94843,24,"2020-06-30 09:35:06.0"
269641,94843,25,"2020-06-30 09:35:06.0"
269642,94843,26,"2020-06-30 09:35:06.0"
269643,94843,27,"2020-06-30 09:35:06.0"
269644,94843,28,"2020-06-30 09:35:06.0"
269645,94843,29,"2020-06-30 09:35:06.0"
269646,94843,30,"2020-06-30 09:35:06.0"
269647,94843,31,"2020-06-30 09:35:06.0"
269648,94843,32,"2020-06-30 09:35:06.0"
269649,94843,33,"2020-06-30 09:35:06.0"
269650,94843,34,"2020-06-30 09:35:06.0"
269651,94843,35,"2020-06-30 09:35:06.0"
269652,94843,36,"2020-06-30 09:35:06.0"
269653,94843,37,"2020-06-30 09:35:06.0"
269654,94843,38,"2020-06-30 09:35:06.0"
269655,94843,39,"2020-06-30 09:35:06.0"
269656,94843,40,"2020-06-30 09:35:06.0"
269657,94843,41,"2020-06-30 09:35:06.0"
269658,94843,42,"2020-06-30 09:35:06.0"
269659,94843,43,"2020-06-30 09:35:06.0"
269660,94843,44,"2020-06-30 09:35:06.0"
269661,94843,45,"2020-06-30 09:35:06.0"
269662,52518,1,"2020-06-30 09:35:36.0"
269663,52518,0,"2020-06-30 09:35:36.0"
269664,52518,2,"2020-06-30 09:35:36.0"
269665,52518,4,"2020-06-30 09:35:36.0"
269666,52518,5,"2020-06-30 09:35:36.0"
269667,52518,6,"2020-06-30 09:35:36.0"
269668,52518,8,"2020-06-30 09:35:36.0"
269669,52518,9,"2020-06-30 09:35:36.0"
269670,52518,10,"2020-06-30 09:35:36.0"
269671,52518,3,"2020-06-30 09:35:36.0"
269672,52518,7,"2020-06-30 09:35:36.0"
269676,52518,11,"2020-06-30 09:35:36.0"
269677,52518,12,"2020-06-30 09:35:36.0"
269678,52518,13,"2020-06-30 09:35:36.0"
269679,52518,14,"2020-06-30 09:35:36.0"
269680,52518,15,"2020-06-30 09:35:36.0"
269681,52518,16,"2020-06-30 09:35:36.0"
269682,52518,17,"2020-06-30 09:35:36.0"
269683,52518,18,"2020-06-30 09:35:36.0"
269684,52518,19,"2020-06-30 09:35:36.0"
269685,52518,20,"2020-06-30 09:35:36.0"
269686,52518,21,"2020-06-30 09:35:36.0"
269687,52518,22,"2020-06-30 09:35:36.0"
269688,52518,23,"2020-06-30 09:35:36.0"
269689,52518,24,"2020-06-30 09:35:36.0"
269690,52518,25,"2020-06-30 09:35:36.0"
269691,52518,26,"2020-06-30 09:35:36.0"
269692,52518,27,"2020-06-30 09:35:36.0"
269693,52518,28,"2020-06-30 09:35:36.0"
269694,52518,29,"2020-06-30 09:35:36.0"
269695,52518,30,"2020-06-30 09:35:36.0"
269696,52518,31,"2020-06-30 09:35:36.0"
269697,52518,32,"2020-06-30 09:35:36.0"
269698,52518,33,"2020-06-30 09:35:36.0"
269699,52518,34,"2020-06-30 09:35:36.0"
269700,52518,35,"2020-06-30 09:35:36.0"
269701,52518,36,"2020-06-30 09:35:36.0"
269702,52518,37,"2020-06-30 09:35:36.0"
269703,52518,38,"2020-06-30 09:35:36.0"
269704,52518,39,"2020-06-30 09:35:36.0"
269705,52518,40,"2020-06-30 09:35:36.0"
269706,52518,41,"2020-06-30 09:35:36.0"
269707,52518,42,"2020-06-30 09:35:36.0"
269708,52518,43,"2020-06-30 09:35:36.0"
269709,72269,1,"2020-06-30 09:35:49.0"
269710,72269,2,"2020-06-30 09:35:49.0"
269711,72269,3,"2020-06-30 09:35:49.0"
269712,72269,4,"2020-06-30 09:35:49.0"
269713,72269,5,"2020-06-30 09:35:49.0"
269714,72269,6,"2020-06-30 09:35:49.0"
269715,72269,7,"2020-06-30 09:35:49.0"
269716,72269,8,"2020-06-30 09:35:49.0"
269717,72269,0,"2020-06-30 09:35:49.0"
269718,72269,9,"2020-06-30 09:35:49.0"
269719,72269,16,"2020-06-30 09:35:49.0"
269720,72269,10,"2020-06-30 09:35:49.0"
269721,72269,11,"2020-06-30 09:35:49.0"
269722,72269,12,"2020-06-30 09:35:49.0"
269723,72269,13,"2020-06-30 09:35:49.0"
269724,72269,14,"2020-06-30 09:35:49.0"
269725,72269,15,"2020-06-30 09:35:49.0"
269726,72269,17,"2020-06-30 09:35:49.0"
269727,72269,18,"2020-06-30 09:35:49.0"
269728,72269,19,"2020-06-30 09:35:49.0"
269729,72269,20,"2020-06-30 09:35:49.0"
269751,72269,21,"2020-06-30 09:35:49.0"
269752,72269,22,"2020-06-30 09:35:49.0"
269753,72269,23,"2020-06-30 09:35:49.0"
269754,72269,24,"2020-06-30 09:35:49.0"
269755,72269,25,"2020-06-30 09:35:49.0"
269756,72269,26,"2020-06-30 09:35:49.0"
269757,72269,27,"2020-06-30 09:35:49.0"
269758,72269,28,"2020-06-30 09:35:49.0"
269759,72269,29,"2020-06-30 09:35:49.0"
269760,72269,30,"2020-06-30 09:35:49.0"
269761,72269,31,"2020-06-30 09:35:49.0"
269762,72269,32,"2020-06-30 09:35:49.0"
269763,72269,33,"2020-06-30 09:35:49.0"
269764,72269,34,"2020-06-30 09:35:49.0"
269765,72269,35,"2020-06-30 09:35:49.0"
269766,72269,36,"2020-06-30 09:35:49.0"
269767,72269,37,"2020-06-30 09:35:49.0"
269768,72269,38,"2020-06-30 09:35:49.0"
269769,72269,39,"2020-06-30 09:35:49.0"
269770,72269,40,"2020-06-30 09:35:49.0"
269771,72269,41,"2020-06-30 09:35:49.0"
269772,72269,42,"2020-06-30 09:35:49.0"
269773,72269,43,"2020-06-30 09:35:49.0"
269774,72269,44,"2020-06-30 09:35:49.0"
269775,72269,45,"2020-06-30 09:35:49.0"
269776,72269,46,"2020-06-30 09:35:49.0"
269777,72269,47,"2020-06-30 09:35:49.0"
269778,72269,48,"2020-06-30 09:35:49.0"
269779,72269,49,"2020-06-30 09:35:49.0"
269780,72269,50,"2020-06-30 09:35:49.0"
269781,72269,51,"2020-06-30 09:35:49.0"
269782,72269,52,"2020-06-30 09:35:49.0"
269783,72269,53,"2020-06-30 09:35:49.0"
269784,29151,2,"2020-06-30 09:36:01.0"
269785,29151,0,"2020-06-30 09:36:01.0"
269786,29151,6,"2020-06-30 09:36:01.0"
269787,29151,7,"2020-06-30 09:36:01.0"
269788,29151,9,"2020-06-30 09:36:01.0"
269789,29151,10,"2020-06-30 09:36:01.0"
269790,29151,11,"2020-06-30 09:36:01.0"
269791,29151,8,"2020-06-30 09:36:01.0"
269792,29151,1,"2020-06-30 09:36:01.0"
269793,29151,3,"2020-06-30 09:36:01.0"
269794,29151,4,"2020-06-30 09:36:01.0"
269795,29151,5,"2020-06-30 09:36:01.0"
269800,29151,12,"2020-06-30 09:36:01.0"
269801,29151,13,"2020-06-30 09:36:01.0"
269802,29151,14,"2020-06-30 09:36:01.0"
269803,29151,15,"2020-06-30 09:36:01.0"
269804,29151,16,"2020-06-30 09:36:01.0"
269805,29151,17,"2020-06-30 09:36:01.0"
269806,29151,18,"2020-06-30 09:36:01.0"
269807,29151,19,"2020-06-30 09:36:01.0"
269808,29151,20,"2020-06-30 09:36:01.0"
269809,29151,21,"2020-06-30 09:36:01.0"
269810,29151,22,"2020-06-30 09:36:01.0"
269811,29151,23,"2020-06-30 09:36:01.0"
269812,29151,24,"2020-06-30 09:36:01.0"
269813,29151,25,"2020-06-30 09:36:01.0"
269814,29151,26,"2020-06-30 09:36:01.0"
269815,29151,27,"2020-06-30 09:36:01.0"
269816,29151,28,"2020-06-30 09:36:01.0"
269817,29151,29,"2020-06-30 09:36:01.0"
269818,29151,30,"2020-06-30 09:36:01.0"
269819,29151,31,"2020-06-30 09:36:01.0"
269820,29151,32,"2020-06-30 09:36:01.0"
269821,29151,33,"2020-06-30 09:36:01.0"
269822,29151,34,"2020-06-30 09:36:01.0"
269823,29151,35,"2020-06-30 09:36:01.0"
269824,29151,36,"2020-06-30 09:36:01.0"
269825,29151,37,"2020-06-30 09:36:01.0"
269826,29151,38,"2020-06-30 09:36:01.0"
269827,29151,39,"2020-06-30 09:36:01.0"
269828,29151,40,"2020-06-30 09:36:01.0"
269829,29151,41,"2020-06-30 09:36:01.0"
269830,29151,42,"2020-06-30 09:36:01.0"
269831,29151,43,"2020-06-30 09:36:01.0"
269832,29151,44,"2020-06-30 09:36:01.0"
269836,89482,2,"2020-06-30 09:36:10.0"
269837,89482,3,"2020-06-30 09:36:11.0"
269838,89482,5,"2020-06-30 09:36:11.0"
269839,89482,7,"2020-06-30 09:36:11.0"
269840,89482,9,"2020-06-30 09:36:11.0"
269841,89482,10,"2020-06-30 09:36:11.0"
269842,89482,11,"2020-06-30 09:36:11.0"
269843,89482,1,"2020-06-30 09:36:10.0"
269844,89482,0,"2020-06-30 09:36:10.0"
269845,89482,8,"2020-06-30 09:36:11.0"
269846,89482,4,"2020-06-30 09:36:11.0"
269851,89482,6,"2020-06-30 09:36:11.0"
269862,89482,12,"2020-06-30 09:36:11.0"
269863,89482,13,"2020-06-30 09:36:11.0"
269864,89482,14,"2020-06-30 09:36:11.0"
269865,89482,15,"2020-06-30 09:36:11.0"
269866,89482,16,"2020-06-30 09:36:11.0"
269867,89482,17,"2020-06-30 09:36:11.0"
269868,89482,18,"2020-06-30 09:36:11.0"
269869,89482,19,"2020-06-30 09:36:11.0"
269870,89482,20,"2020-06-30 09:36:11.0"
269871,89482,21,"2020-06-30 09:36:11.0"
269872,89482,22,"2020-06-30 09:36:11.0"
269873,89482,23,"2020-06-30 09:36:11.0"
269874,89482,24,"2020-06-30 09:36:11.0"
269875,89482,25,"2020-06-30 09:36:11.0"
269876,89482,26,"2020-06-30 09:36:11.0"
269877,89482,27,"2020-06-30 09:36:11.0"
269878,89482,28,"2020-06-30 09:36:11.0"
269879,89482,29,"2020-06-30 09:36:11.0"
269880,89482,30,"2020-06-30 09:36:11.0"
269881,89482,31,"2020-06-30 09:36:11.0"
269882,89482,32,"2020-06-30 09:36:11.0"
269883,89482,33,"2020-06-30 09:36:11.0"
269884,89482,34,"2020-06-30 09:36:11.0"
269885,89482,35,"2020-06-30 09:36:11.0"
269886,89482,36,"2020-06-30 09:36:11.0"
269887,89482,37,"2020-06-30 09:36:11.0"
269888,89482,38,"2020-06-30 09:36:11.0"
269889,89482,39,"2020-06-30 09:36:11.0"
269890,89482,40,"2020-06-30 09:36:11.0"
269891,89482,41,"2020-06-30 09:36:11.0"
269892,89482,42,"2020-06-30 09:36:11.0"
269893,89482,43,"2020-06-30 09:36:11.0"
269894,89482,44,"2020-06-30 09:36:11.0"
269895,43849,1,"2020-06-30 09:36:21.0"
269896,43849,0,"2020-06-30 09:36:21.0"
269897,43849,5,"2020-06-30 09:36:21.0"
269898,43849,6,"2020-06-30 09:36:21.0"
269899,43849,8,"2020-06-30 09:36:21.0"
269900,43849,9,"2020-06-30 09:36:21.0"
269901,43849,2,"2020-06-30 09:36:21.0"
269902,43849,4,"2020-06-30 09:36:21.0"
269903,43849,3,"2020-06-30 09:36:21.0"
269904,43849,7,"2020-06-30 09:36:21.0"
269908,43849,10,"2020-06-30 09:36:21.0"
269909,43849,11,"2020-06-30 09:36:21.0"
269910,43849,12,"2020-06-30 09:36:21.0"
269911,43849,13,"2020-06-30 09:36:21.0"
269912,43849,14,"2020-06-30 09:36:21.0"
269913,43849,15,"2020-06-30 09:36:21.0"
269914,43849,16,"2020-06-30 09:36:21.0"
269915,43849,17,"2020-06-30 09:36:21.0"
269916,43849,18,"2020-06-30 09:36:21.0"
269917,43849,19,"2020-06-30 09:36:21.0"
269918,43849,20,"2020-06-30 09:36:21.0"
269919,43849,21,"2020-06-30 09:36:22.0"
269920,43849,22,"2020-06-30 09:36:22.0"
269921,43849,23,"2020-06-30 09:36:22.0"
269922,43849,24,"2020-06-30 09:36:22.0"
269923,43849,25,"2020-06-30 09:36:22.0"
269924,43849,26,"2020-06-30 09:36:22.0"
269925,43849,27,"2020-06-30 09:36:22.0"
269926,43849,28,"2020-06-30 09:36:22.0"
269927,43849,29,"2020-06-30 09:36:22.0"
269928,43849,30,"2020-06-30 09:36:22.0"
269929,43849,31,"2020-06-30 09:36:22.0"
269930,43849,32,"2020-06-30 09:36:22.0"
269931,43849,33,"2020-06-30 09:36:22.0"
269932,43849,34,"2020-06-30 09:36:22.0"
269933,43849,35,"2020-06-30 09:36:22.0"
269934,43849,36,"2020-06-30 09:36:22.0"
269935,43849,37,"2020-06-30 09:36:22.0"
269936,43849,38,"2020-06-30 09:36:22.0"
269937,43849,39,"2020-06-30 09:36:22.0"
269938,43849,40,"2020-06-30 09:36:22.0"
269939,43849,41,"2020-06-30 09:36:22.0"
269940,43849,42,"2020-06-30 09:36:22.0"
269987,71935,0,"2020-07-22 10:40:13.0"
269988,71935,1,"2020-07-22 10:40:13.0"
269989,71935,5,"2020-07-22 10:40:13.0"
269990,71935,6,"2020-07-22 10:40:13.0"
269991,71935,8,"2020-07-22 10:40:13.0"
269992,71935,9,"2020-07-22 10:40:13.0"
269993,71935,10,"2020-07-22 10:40:13.0"
269994,71935,11,"2020-07-22 10:40:13.0"
269995,71935,12,"2020-07-22 10:40:13.0"
269996,71935,7,"2020-07-22 10:40:13.0"
269997,71935,2,"2020-07-22 10:40:13.0"
269998,71935,3,"2020-07-22 10:40:13.0"
269999,71935,4,"2020-07-22 10:40:13.0"
270006,71935,13,"2020-07-22 10:40:13.0"
270007,71935,14,"2020-07-22 10:40:13.0"
270008,71935,15,"2020-07-22 10:40:13.0"
270009,71935,16,"2020-07-22 10:40:13.0"
270010,71935,17,"2020-07-22 10:40:13.0"
270011,71935,18,"2020-07-22 10:40:13.0"
270012,71935,19,"2020-07-22 10:40:13.0"
270013,71935,20,"2020-07-22 10:40:14.0"
270014,71935,21,"2020-07-22 10:40:14.0"
270015,71935,22,"2020-07-22 10:40:14.0"
270016,71935,23,"2020-07-22 10:40:14.0"
270017,71935,24,"2020-07-22 10:40:14.0"
270018,71935,25,"2020-07-22 10:40:14.0"
270019,71935,26,"2020-07-22 10:40:14.0"
270020,71935,27,"2020-07-22 10:40:14.0"
270021,71935,28,"2020-07-22 10:40:14.0"
270022,71935,29,"2020-07-22 10:40:14.0"
270023,71935,30,"2020-07-22 10:40:14.0"
270024,71935,31,"2020-07-22 10:40:14.0"
270025,71935,32,"2020-07-22 10:40:14.0"
270026,71935,33,"2020-07-22 10:40:14.0"
270027,71935,34,"2020-07-22 10:40:14.0"
270028,71935,35,"2020-07-22 10:40:14.0"
270029,71935,36,"2020-07-22 10:40:14.0"
270030,71935,37,"2020-07-22 10:40:14.0"
270031,71935,38,"2020-07-22 10:40:14.0"
270032,71935,39,"2020-07-22 10:40:14.0"
270033,71935,40,"2020-07-22 10:40:14.0"
270034,71935,41,"2020-07-22 10:40:14.0"
270035,71935,42,"2020-07-22 10:40:14.0"
270036,71935,43,"2020-07-22 10:40:14.0"
270037,71935,44,"2020-07-22 10:40:14.0"
270038,71935,45,"2020-07-22 10:40:14.0"
